,Kingdom,Phylum,Class,Order,Family,Genus,Summer Wild,Summer Lab,Torpor,IBA,Spring
Otu00003,Bacteria,Firmicutes,Clostridia,Clostridiales,Lachnospiraceae,Lachnospiraceae_unclassified,X,,,,
Otu00004,Bacteria,Bacteroidetes,Bacteroidia,Bacteroidales,Marinifilaceae,Odoribacter,X,,X,X,
Otu00005,Bacteria,Firmicutes,Clostridia,Clostridiales,Lachnospiraceae,Lachnospiraceae_unclassified,X,,,,X
Otu00007,Bacteria,Firmicutes,Clostridia,Clostridiales,Lachnospiraceae,Lachnospiraceae_unclassified,,,X,X,
Otu00008,Bacteria,Bacteroidetes,Bacteroidia,Bacteroidales,Prevotellaceae,Prevotellaceae_UCG-001,,,,,X
Otu00009,Bacteria,Bacteroidetes,Bacteroidia,Bacteroidales,Muribaculaceae,Muribaculaceae_ge,,,X,,X
Otu00010,Bacteria,Verrucomicrobia,Verrucomicrobiae,Verrucomicrobiales,Akkermansiaceae,Akkermansia,,X,,,
Otu00011,Bacteria,Firmicutes,Clostridia,Clostridiales,Christensenellaceae,Christensenellaceae_R-7_group,X,X,X,X,X
Otu00014,Bacteria,Bacteroidetes,Bacteroidia,Bacteroidales,Tannerellaceae,Parabacteroides,X,,,,
Otu00015,Bacteria,Firmicutes,Clostridia,Clostridiales,Lachnospiraceae,Coprococcus_2,,,,,X
Otu00016,Bacteria,Bacteroidetes,Bacteroidia,Bacteroidales,Bacteroidaceae,Bacteroides,X,,X,,X
Otu00017,Bacteria,Firmicutes,Clostridia,Clostridiales,Ruminococcaceae,Ruminococcus_1,,,,,X
Otu00018,Bacteria,Bacteroidetes,Bacteroidia,Bacteroidales,Bacteroidaceae,Bacteroides,X,,X,,X
Otu00020,Bacteria,Firmicutes,Clostridia,Clostridiales,Ruminococcaceae,Ruminococcaceae_ge,,,,,X
Otu00021,Bacteria,Bacteroidetes,Bacteroidia,Bacteroidales,Rikenellaceae,Alistipes,X,,,,X
Otu00022,Bacteria,Bacteroidetes,Bacteroidia,Bacteroidales,Bacteroidaceae,Bacteroides,X,,,,
Otu00024,Bacteria,Firmicutes,Clostridia,Clostridiales,Lachnospiraceae,Lachnospiraceae_NK4A136_group,,,,,X
Otu00026,Bacteria,Firmicutes,Clostridia,Clostridiales,Peptococcaceae,uncultured,X,X,X,X,X
Otu00027,Bacteria,Firmicutes,Clostridia,Clostridiales,Lachnospiraceae,Lachnospiraceae_NK4A136_group,X,,,,
Otu00032,Bacteria,Firmicutes,Clostridia,Clostridiales,Lachnospiraceae,Blautia,,,,,X
Otu00033,Bacteria,Firmicutes,Clostridia,Clostridiales,Lachnospiraceae,Lachnospiraceae_unclassified,,,,,X
Otu00034,Bacteria,Bacteroidetes,Bacteroidia,Bacteroidales,Tannerellaceae,Parabacteroides,X,,,,X
Otu00035,Bacteria,Firmicutes,Bacilli,Lactobacillales,Lactobacillaceae,Lactobacillus,,X,,,
Otu00037,Bacteria,Bacteroidetes,Bacteroidia,Bacteroidales,Muribaculaceae,Muribaculaceae_unclassified,,,,,X
Otu00038,Bacteria,Bacteroidetes,Bacteroidia,Bacteroidales,Bacteroidaceae,Bacteroides,X,,X,,X
Otu00040,Bacteria,Bacteroidetes,Bacteroidia,Bacteroidales,Muribaculaceae,Muribaculaceae_ge,,X,X,,X
Otu00041,Bacteria,Firmicutes,Clostridia,Clostridiales,Lachnospiraceae,Lachnospiraceae_unclassified,,X,X,X,X
Otu00042,Bacteria,Bacteroidetes,Bacteroidia,Bacteroidales,Muribaculaceae,Muribaculaceae_ge,X,,,,
Otu00043,Bacteria,Proteobacteria,Gammaproteobacteria,Betaproteobacteriales,Burkholderiaceae,Parasutterella,,X,X,X,X
Otu00044,Bacteria,Firmicutes,Bacilli,Lactobacillales,Lactobacillaceae,Lactobacillus,,X,,,X
Otu00045,Bacteria,Bacteroidetes,Bacteroidia,Bacteroidales,Muribaculaceae,Muribaculaceae_ge,X,,X,,X
Otu00046,Bacteria,Firmicutes,Clostridia,Clostridiales,Lachnospiraceae,Lachnospiraceae_unclassified,,,,,X
Otu00047,Bacteria,Bacteroidetes,Bacteroidia,Bacteroidales,Muribaculaceae,Muribaculaceae_ge,X,,,,
Otu00048,Bacteria,Firmicutes,Clostridia,Clostridiales,Ruminococcaceae,Ruminococcaceae_UCG-005,X,,,,
Otu00050,Bacteria,Bacteroidetes,Bacteroidia,Bacteroidales,Prevotellaceae,Prevotellaceae_unclassified,X,,,,X
Otu00051,Bacteria,Firmicutes,Clostridia,Clostridiales,Christensenellaceae,Christensenellaceae_R-7_group,X,,X,X,X
Otu00052,Bacteria,Firmicutes,Clostridia,Clostridiales,Lachnospiraceae,Lachnospiraceae_unclassified,X,,,,X
Otu00053,Bacteria,Bacteroidetes,Bacteroidia,Bacteroidales,Rikenellaceae,Rikenellaceae_unclassified,,X,,X,X
Otu00056,Bacteria,Bacteroidetes,Bacteroidia,Bacteroidales,Muribaculaceae,Muribaculaceae_ge,X,,,,
Otu00057,Bacteria,Bacteroidetes,Bacteroidia,Bacteroidales,Prevotellaceae,Alloprevotella,X,,,,
Otu00058,Bacteria,Firmicutes,Clostridia,Clostridiales,Lachnospiraceae,Lachnospiraceae_unclassified,X,,X,X,X
Otu00060,Bacteria,Firmicutes,Clostridia,Clostridiales,Lachnospiraceae,Lachnospiraceae_unclassified,,,,,X
Otu00065,Bacteria,Firmicutes,Clostridia,Clostridiales,Lachnospiraceae,Lachnospiraceae_unclassified,,X,X,X,
Otu00067,Bacteria,Firmicutes,Clostridia,Clostridiales,Peptococcaceae,uncultured,X,X,X,X,X
Otu00068,Bacteria,Firmicutes,Clostridia,Clostridiales,Ruminococcaceae,Ruminiclostridium_9,X,X,X,X,X
Otu00071,Bacteria,Bacteroidetes,Bacteroidia,Bacteroidales,Rikenellaceae,Rikenellaceae_unclassified,X,,,,
Otu00072,Bacteria,Firmicutes,Clostridia,Clostridiales,Family_XIII,Family_XIII_unclassified,,X,X,X,
Otu00073,Bacteria,Firmicutes,Clostridia,Clostridiales,Ruminococcaceae,Ruminococcus_1,X,,,,X
Otu00074,Bacteria,Bacteroidetes,Bacteroidia,Bacteroidales,Bacteroidaceae,Bacteroides,X,,X,,
Otu00075,Bacteria,Bacteroidetes,Bacteroidia,Bacteroidales,Muribaculaceae,Muribaculaceae_ge,X,,X,,X
Otu00076,Bacteria,Firmicutes,Clostridia,Clostridiales,Lachnospiraceae,Lachnospiraceae_unclassified,,,X,,
Otu00077,Bacteria,Firmicutes,Clostridia,Clostridiales,Ruminococcaceae,Ruminococcaceae_unclassified,,,,,X
Otu00078,Bacteria,Firmicutes,Erysipelotrichia,Erysipelotrichales,Erysipelotrichaceae,Erysipelatoclostridium,,,X,,X
Otu00080,Bacteria,Bacteria_unclassified,Bacteria_unclassified,Bacteria_unclassified,Bacteria_unclassified,Bacteria_unclassified,X,,,,
Otu00084,Bacteria,Firmicutes,Clostridia,Clostridiales,Ruminococcaceae,Ruminococcaceae_unclassified,X,X,X,X,
Otu00085,Bacteria,Firmicutes,Clostridia,Clostridiales,Lachnospiraceae,Lachnospiraceae_NK4A136_group,X,,,,
Otu00086,Bacteria,Firmicutes,Clostridia,Clostridiales,Lachnospiraceae,Lachnospiraceae_unclassified,,,X,X,
Otu00088,Bacteria,Firmicutes,Clostridia,Clostridiales,Ruminococcaceae,Ruminococcaceae_NK4A214_group,X,,,,
Otu00090,Bacteria,Firmicutes,Clostridia,Clostridiales,Lachnospiraceae,Blautia,,X,,X,X
Otu00093,Bacteria,Firmicutes,Clostridia,Clostridiales,Ruminococcaceae,Ruminococcaceae_unclassified,X,X,X,X,X
Otu00094,Bacteria,Firmicutes,Clostridia,Clostridiales,Lachnospiraceae,Lachnospiraceae_unclassified,,,X,X,X
Otu00096,Bacteria,Firmicutes,Clostridia,Clostridiales,Lachnospiraceae,Lachnospiraceae_unclassified,X,,,,
Otu00097,Bacteria,Firmicutes,Clostridia,Clostridiales,Christensenellaceae,Christensenellaceae_R-7_group,X,,,X,
Otu00098,Bacteria,Proteobacteria,Alphaproteobacteria,Rhodospirillales,uncultured,uncultured_ge,X,,,,X
Otu00102,Bacteria,Bacteroidetes,Bacteroidia,Bacteroidales,Muribaculaceae,Muribaculaceae_unclassified,X,,,,X
Otu00104,Bacteria,Firmicutes,Clostridia,Clostridiales,Lachnospiraceae,Lachnospiraceae_unclassified,,,,,X
Otu00105,Bacteria,Bacteroidetes,Bacteroidia,Bacteroidales,Marinifilaceae,Butyricimonas,X,,,,X
Otu00106,Bacteria,Firmicutes,Clostridia,Clostridiales,Lachnospiraceae,Lachnospiraceae_unclassified,X,,,,
Otu00107,Bacteria,Firmicutes,Clostridia,Clostridiales,Lachnospiraceae,Marvinbryantia,X,,,,X
Otu00108,Bacteria,Bacteroidetes,Bacteroidia,Bacteroidales,Muribaculaceae,Muribaculaceae_ge,X,,X,,
Otu00109,Bacteria,Firmicutes,Clostridia,Clostridiales,Lachnospiraceae,Lachnospiraceae_unclassified,,,,X,X
Otu00110,Bacteria,Bacteroidetes,Bacteroidia,Bacteroidales,Muribaculaceae,Muribaculaceae_ge,,,X,,X
Otu00112,Bacteria,Firmicutes,Clostridia,Clostridiales,Lachnospiraceae,Lachnospiraceae_unclassified,,,X,X,X
Otu00114,Bacteria,Bacteroidetes,Bacteroidia,Bacteroidales,Muribaculaceae,Muribaculaceae_ge,X,,,,
Otu00116,Bacteria,Firmicutes,Clostridia,Clostridiales,Lachnospiraceae,Lachnospiraceae_unclassified,X,,,X,
Otu00117,Bacteria,Firmicutes,Clostridia,Clostridiales,Ruminococcaceae,Faecalibacterium,,,,,X
Otu00118,Bacteria,Firmicutes,Clostridia,Clostridiales,Lachnospiraceae,Lachnospiraceae_unclassified,,,,,X
Otu00119,Bacteria,Firmicutes,Clostridia,Clostridiales,Lachnospiraceae,Lachnospiraceae_unclassified,X,,,,
Otu00120,Bacteria,Firmicutes,Clostridia,Clostridiales,Ruminococcaceae,Ruminococcaceae_unclassified,X,X,X,X,
Otu00122,Bacteria,Bacteroidetes,Bacteroidia,Bacteroidales,Muribaculaceae,Muribaculaceae_ge,X,,,,X
Otu00126,Bacteria,Bacteroidetes,Bacteroidia,Bacteroidales,Muribaculaceae,Muribaculaceae_unclassified,X,,,,
Otu00127,Bacteria,Firmicutes,Clostridia,Clostridiales,Lachnospiraceae,Lachnospiraceae_unclassified,,,,,X
Otu00128,Bacteria,Cyanobacteria,Melainabacteria,Gastranaerophilales,Gastranaerophilales_fa,Gastranaerophilales_ge,X,,,,
Otu00129,Bacteria,Firmicutes,Clostridia,Clostridiales,Christensenellaceae,Christensenellaceae_R-7_group,,,,,X
Otu00132,Bacteria,Bacteroidetes,Bacteroidia,Bacteroidales,Muribaculaceae,Muribaculaceae_ge,,,,,X
Otu00133,Bacteria,Firmicutes,Clostridia,Clostridiales,Ruminococcaceae,Ruminococcaceae_unclassified,X,X,,,X
Otu00135,Bacteria,Proteobacteria,Alphaproteobacteria,Paracaedibacterales,Paracaedibacteraceae,uncultured,,X,,,
Otu00137,Bacteria,Firmicutes,Clostridia,Clostridiales,Lachnospiraceae,Lachnospiraceae_unclassified,X,X,X,X,X
Otu00138,Bacteria,Firmicutes,Clostridia,Clostridiales,Lachnospiraceae,Lachnospiraceae_unclassified,,,X,X,X
Otu00139,Bacteria,Bacteroidetes,Bacteroidia,Bacteroidales,Rikenellaceae,Alistipes,X,,,,
Otu00140,Bacteria,Firmicutes,Clostridia,Clostridiales,Ruminococcaceae,Ruminiclostridium_6,X,,,,
Otu00141,Bacteria,Firmicutes,Clostridia,Clostridiales,Lachnospiraceae,Lachnospiraceae_unclassified,X,,,,
Otu00143,Bacteria,Firmicutes,Clostridia,Clostridiales,Ruminococcaceae,Ruminococcaceae_unclassified,,,X,X,X
Otu00145,Bacteria,Bacteroidetes,Bacteroidia,Bacteroidales,Rikenellaceae,Alistipes,X,,,,
Otu00146,Bacteria,Bacteroidetes,Bacteroidia,Bacteroidales,Marinifilaceae,Odoribacter,X,,,,
Otu00147,Bacteria,Firmicutes,Clostridia,Clostridiales,Clostridiales_vadinBB60_group,Clostridiales_vadinBB60_group_ge,X,,,,X
Otu00150,Bacteria,Firmicutes,Clostridia,Clostridiales,Ruminococcaceae,Ruminococcaceae_unclassified,X,,,X,X
Otu00151,Bacteria,Bacteroidetes,Bacteroidia,Bacteroidales,Muribaculaceae,Muribaculaceae_ge,X,,,,X
Otu00153,Bacteria,Bacteroidetes,Bacteroidia,Bacteroidales,Muribaculaceae,Muribaculaceae_ge,,,,,X
Otu00154,Bacteria,Firmicutes,Clostridia,Clostridiales,Ruminococcaceae,Oscillibacter,X,X,X,,X
Otu00155,Bacteria,Firmicutes,Clostridia,Clostridiales,Lachnospiraceae,Natranaerovirga,X,,,,
Otu00156,Bacteria,Firmicutes,Clostridia,Clostridiales,Ruminococcaceae,Ruminococcaceae_unclassified,X,X,,X,X
Otu00157,Bacteria,Firmicutes,Clostridia,Clostridiales,Lachnospiraceae,Lachnospiraceae_unclassified,,,,,X
Otu00158,Bacteria,Bacteroidetes,Bacteroidia,Bacteroidales,Prevotellaceae,Prevotellaceae_unclassified,X,,,,
Otu00159,Bacteria,Firmicutes,Clostridia,Clostridiales,Family_XIII,Anaerovorax,X,X,X,,X
Otu00161,Bacteria,Firmicutes,Clostridia,Clostridiales,Ruminococcaceae,Intestinimonas,X,,X,,X
Otu00162,Bacteria,Firmicutes,Clostridia,Clostridiales,Lachnospiraceae,Lachnospiraceae_unclassified,X,,,,X
Otu00163,Bacteria,Firmicutes,Clostridia,Clostridiales,Lachnospiraceae,Lachnospiraceae_NK4A136_group,X,,,,
Otu00164,Bacteria,Proteobacteria,Deltaproteobacteria,Desulfovibrionales,Desulfovibrionaceae,Mailhella,,,,,X
Otu00166,Bacteria,Firmicutes,Clostridia,Clostridiales,Lachnospiraceae,Lachnospiraceae_unclassified,X,,,,
Otu00167,Bacteria,Firmicutes,Clostridia,Clostridiales,Christensenellaceae,Christensenellaceae_R-7_group,X,,,,X
Otu00168,Bacteria,Firmicutes,Clostridia,Clostridiales,Lachnospiraceae,Lachnospiraceae_unclassified,X,,,,
Otu00169,Bacteria,Firmicutes,Clostridia,Clostridiales,Ruminococcaceae,Ruminococcaceae_unclassified,X,,,X,
Otu00170,Bacteria,Firmicutes,Clostridia,Clostridiales,Christensenellaceae,Christensenellaceae_R-7_group,X,,,X,X
Otu00171,Bacteria,Firmicutes,Clostridia,Clostridiales,Lachnospiraceae,Lachnospiraceae_unclassified,X,,,,
Otu00172,Bacteria,Bacteroidetes,Bacteroidia,Bacteroidales,Prevotellaceae,Prevotella_9,X,,,,
Otu00174,Bacteria,Firmicutes,Clostridia,Clostridiales,Ruminococcaceae,Ruminiclostridium_9,,,,,X
Otu00175,Bacteria,Firmicutes,Clostridia,Clostridiales,Ruminococcaceae,Oscillibacter,X,X,,X,X
Otu00177,Bacteria,Firmicutes,Clostridia,Clostridiales,Clostridiales_unclassified,Clostridiales_unclassified,,,X,,X
Otu00178,Bacteria,Firmicutes,Clostridia,Clostridiales,Ruminococcaceae,Intestinimonas,,,,X,
Otu00182,Bacteria,Bacteroidetes,Bacteroidia,Bacteroidales,Muribaculaceae,Muribaculaceae_ge,X,,,,X
Otu00184,Bacteria,Firmicutes,Clostridia,Clostridiales,Ruminococcaceae,Ruminococcaceae_unclassified,X,,,X,X
Otu00186,Bacteria,Firmicutes,Clostridia,Clostridiales,Ruminococcaceae,Ruminococcaceae_UCG-004,,,,,X
Otu00188,Bacteria,Firmicutes,Clostridia,Clostridiales,Christensenellaceae,Christensenellaceae_R-7_group,X,,X,,
Otu00189,Bacteria,Firmicutes,Clostridia,Clostridiales,Ruminococcaceae,Ruminococcaceae_UCG-005,X,,,,
Otu00193,Bacteria,Firmicutes,Clostridia,Clostridiales,Lachnospiraceae,Lachnospiraceae_unclassified,X,,,,
Otu00196,Bacteria,Firmicutes,Clostridia,Clostridiales,Lachnospiraceae,Lachnospiraceae_unclassified,,,,,X
Otu00197,Bacteria,Firmicutes,Clostridia,Clostridiales,Ruminococcaceae,Ruminococcaceae_unclassified,X,X,X,X,X
Otu00198,Bacteria,Bacteroidetes,Bacteroidia,Bacteroidales,Muribaculaceae,Muribaculaceae_ge,,,,,X
Otu00199,Bacteria,Firmicutes,Clostridia,Clostridiales,Ruminococcaceae,GCA-900066225,,,,,X
Otu00200,Bacteria,Firmicutes,Clostridia,Clostridiales,Ruminococcaceae,Oscillibacter,X,X,X,X,X
Otu00202,Bacteria,Firmicutes,Clostridia,Clostridiales,Ruminococcaceae,Butyricicoccus,X,,,,
Otu00204,Bacteria,Bacteroidetes,Bacteroidia,Bacteroidales,Rikenellaceae,Alistipes,,,,,X
Otu00205,Bacteria,Firmicutes,Clostridia,Clostridiales,Lachnospiraceae,Lachnospiraceae_unclassified,,,X,,X
Otu00206,Bacteria,Firmicutes,Clostridia,Clostridiales,Ruminococcaceae,Ruminiclostridium,X,,,X,
Otu00209,Bacteria,Bacteroidetes,Bacteroidia,Bacteroidales,Muribaculaceae,Muribaculaceae_ge,X,,,,
Otu00210,Bacteria,Firmicutes,Clostridia,Clostridiales,Ruminococcaceae,Ruminococcaceae_unclassified,X,,,,X
Otu00212,Bacteria,Bacteroidetes,Bacteroidia,Bacteroidales,Muribaculaceae,Muribaculaceae_ge,X,,,,
Otu00213,Bacteria,Bacteroidetes,Bacteroidia,Bacteroidales,Muribaculaceae,Muribaculaceae_ge,X,,,,
Otu00216,Bacteria,Firmicutes,Clostridia,Clostridiales,Ruminococcaceae,Ruminococcaceae_unclassified,,,,X,
Otu00219,Bacteria,Firmicutes,Clostridia,Clostridiales,Lachnospiraceae,Lachnospiraceae_unclassified,X,,,X,
Otu00221,Bacteria,Firmicutes,Clostridia,Clostridiales,Lachnospiraceae,Lachnospiraceae_unclassified,,,,X,
Otu00223,Bacteria,Bacteroidetes,Bacteroidia,Bacteroidales,Muribaculaceae,Muribaculaceae_ge,X,,X,,
Otu00224,Bacteria,Firmicutes,Clostridia,Clostridiales,Lachnospiraceae,Lachnospiraceae_unclassified,,,,,X
Otu00225,Bacteria,Firmicutes,Clostridia,Clostridiales,Ruminococcaceae,Ruminococcaceae_unclassified,,,,,X
Otu00227,Bacteria,Firmicutes,Clostridia,Clostridiales,Ruminococcaceae,Ruminococcaceae_UCG-014,X,,,,
Otu00229,Bacteria,Firmicutes,Clostridia,Clostridiales,Ruminococcaceae,Ruminiclostridium_9,X,,,,X
Otu00231,Bacteria,Bacteroidetes,Bacteroidia,Bacteroidales,Rikenellaceae,Alistipes,X,,,,
Otu00232,Bacteria,Firmicutes,Clostridia,Clostridiales,Ruminococcaceae,Oscillibacter,,,,X,X
Otu00234,Bacteria,Firmicutes,Clostridia,Clostridiales,Ruminococcaceae,Harryflintia,,,,X,
Otu00236,Bacteria,Firmicutes,Clostridia,Clostridiales,Ruminococcaceae,Ruminococcaceae_UCG-009,,X,,,X
Otu00239,Bacteria,Firmicutes,Clostridia,Clostridiales,Lachnospiraceae,Lachnospiraceae_unclassified,X,,,,
Otu00240,Bacteria,Firmicutes,Clostridia,Clostridiales,Family_XIII,Family_XIII_AD3011_group,,,,,X
Otu00241,Bacteria,Firmicutes,Erysipelotrichia,Erysipelotrichales,Erysipelotrichaceae,Erysipelotrichaceae_unclassified,,,X,X,
Otu00243,Bacteria,Firmicutes,Clostridia,Clostridiales,Ruminococcaceae,Ruminococcaceae_unclassified,X,,,,
Otu00248,Bacteria,Firmicutes,Clostridia,Clostridiales,Lachnospiraceae,Lachnospiraceae_unclassified,X,,,,
Otu00259,Bacteria,Firmicutes,Clostridia,Clostridiales,Ruminococcaceae,Ruminiclostridium_9,,,X,,
Otu00264,Bacteria,Bacteroidetes,Bacteroidia,Bacteroidales,Muribaculaceae,Muribaculaceae_ge,X,,,,
Otu00265,Bacteria,Bacteroidetes,Bacteroidia,Bacteroidales,Muribaculaceae,Muribaculaceae_ge,,,X,,X
Otu00266,Bacteria,Firmicutes,Clostridia,Clostridiales,Ruminococcaceae,Ruminococcaceae_unclassified,X,,,,
Otu00267,Bacteria,Firmicutes,Clostridia,Clostridiales,Ruminococcaceae,Ruminococcaceae_unclassified,X,,,X,X
Otu00269,Bacteria,Firmicutes,Clostridia,Clostridiales,Lachnospiraceae,Lachnospiraceae_UCG-001,X,,,,
Otu00273,Bacteria,Firmicutes,Clostridia,Clostridiales,Ruminococcaceae,Ruminococcaceae_unclassified,X,,,,X
Otu00274,Bacteria,Firmicutes,Clostridia,Clostridiales,Lachnospiraceae,Lachnospiraceae_UCG-010,X,,,,X
Otu00275,Bacteria,Firmicutes,Clostridia,Clostridiales,Lachnospiraceae,Lachnospiraceae_unclassified,X,,,,
Otu00276,Bacteria,Bacteroidetes,Bacteroidia,Bacteroidales,Muribaculaceae,Muribaculaceae_unclassified,X,,,,
Otu00278,Bacteria,Actinobacteria,Coriobacteriia,Coriobacteriales,Eggerthellaceae,DNF00809,,X,,X,
Otu00280,Bacteria,Firmicutes,Clostridia,Clostridiales,Ruminococcaceae,Ruminococcaceae_unclassified,,,,,X
Otu00283,Bacteria,Firmicutes,Clostridia,Clostridiales,Peptococcaceae,uncultured,X,,,,
Otu00288,Bacteria,Firmicutes,Clostridia,Clostridiales,Lachnospiraceae,Lachnospiraceae_unclassified,X,,,,
Otu00289,Bacteria,Firmicutes,Clostridia,Clostridiales,Lachnospiraceae,Lachnospiraceae_unclassified,,,,,X
Otu00291,Bacteria,Firmicutes,Clostridia,Clostridiales,Lachnospiraceae,Lachnospiraceae_unclassified,X,,,,
Otu00293,Bacteria,Bacteroidetes,Bacteroidia,Bacteroidales,Muribaculaceae,Muribaculaceae_ge,X,,,,
Otu00294,Bacteria,Bacteroidetes,Bacteroidia,Bacteroidales,Muribaculaceae,Muribaculaceae_unclassified,,,X,,
Otu00295,Bacteria,Cyanobacteria,Melainabacteria,Gastranaerophilales,Gastranaerophilales_fa,Gastranaerophilales_ge,X,,,,
Otu00299,Bacteria,Firmicutes,Clostridia,Clostridiales,Ruminococcaceae,Ruminococcaceae_unclassified,X,,,,
Otu00300,Bacteria,Bacteroidetes,Bacteroidia,Bacteroidales,Bacteroidales_RF16_group,Bacteroidales_RF16_group_ge,X,,,,
Otu00303,Bacteria,Firmicutes,Clostridia,Clostridiales,Ruminococcaceae,Ruminiclostridium_9,X,,,,
Otu00304,Bacteria,Bacteroidetes,Bacteroidia,Bacteroidales,Muribaculaceae,Muribaculaceae_ge,X,,,,
Otu00306,Bacteria,Bacteroidetes,Bacteroidia,Bacteroidales,Prevotellaceae,Prevotellaceae_unclassified,X,,,,
Otu00308,Bacteria,Firmicutes,Clostridia,Clostridiales,Lachnospiraceae,Lachnospiraceae_unclassified,X,,,,X
Otu00311,Bacteria,Firmicutes,Clostridia,Clostridiales,Lachnospiraceae,Lachnospiraceae_unclassified,X,,,,
Otu00312,Bacteria,Firmicutes,Clostridia,Clostridiales,Ruminococcaceae,Ruminiclostridium_5,X,,,,
Otu00313,Bacteria,Firmicutes,Clostridia,Clostridiales,Lachnospiraceae,Lachnospiraceae_unclassified,X,,,,
Otu00316,Bacteria,Bacteroidetes,Bacteroidia,Bacteroidales,Muribaculaceae,Muribaculaceae_ge,,,,,X
Otu00317,Bacteria,Bacteroidetes,Bacteroidia,Bacteroidales,Rikenellaceae,Alistipes,X,,,,
Otu00318,Bacteria,Bacteroidetes,Bacteroidia,Bacteroidales,Rikenellaceae,Rikenellaceae_unclassified,X,,,,
Otu00322,Bacteria,Firmicutes,Clostridia,Clostridiales,Lachnospiraceae,Lachnospiraceae_unclassified,X,,,,
Otu00323,Bacteria,Firmicutes,Clostridia,Clostridiales,Lachnospiraceae,Lachnospiraceae_unclassified,X,,,,
Otu00325,Bacteria,Firmicutes,Clostridia,Clostridiales,Ruminococcaceae,Ruminococcaceae_UCG-010,X,,,,
Otu00326,Bacteria,Cyanobacteria,Melainabacteria,Gastranaerophilales,Gastranaerophilales_fa,Gastranaerophilales_ge,X,,,,
Otu00334,Bacteria,Firmicutes,Clostridia,Clostridiales,Lachnospiraceae,Lachnospiraceae_unclassified,X,,,,
Otu00337,Bacteria,Bacteroidetes,Bacteroidia,Bacteroidales,Muribaculaceae,Muribaculaceae_ge,X,,,,
Otu00339,Bacteria,Bacteroidetes,Bacteroidia,Bacteroidales,Rikenellaceae,Alistipes,,,,,X
Otu00340,Bacteria,Firmicutes,Clostridia,Clostridiales,Lachnospiraceae,Lachnospiraceae_unclassified,,,,,X
Otu00347,Bacteria,Firmicutes,Clostridia,Clostridiales,Lachnospiraceae,Lachnospiraceae_unclassified,,,,,X
Otu00353,Bacteria,Firmicutes,Clostridia,Clostridiales,Ruminococcaceae,Ruminococcaceae_unclassified,,,,X,
Otu00354,Bacteria,Firmicutes,Clostridia,Clostridiales,Ruminococcaceae,Angelakisella,,,,,X
Otu00356,Bacteria,Bacteroidetes,Bacteroidia,Bacteroidales,Muribaculaceae,Muribaculaceae_unclassified,X,,,,
Otu00357,Bacteria,Proteobacteria,Alphaproteobacteria,Rhodospirillales,uncultured,uncultured_ge,,,,,X
Otu00359,Bacteria,Firmicutes,Clostridia,Clostridiales,Ruminococcaceae,Ruminococcaceae_unclassified,,,,X,
Otu00360,Bacteria,Firmicutes,Clostridia,Clostridiales,Ruminococcaceae,Ruminococcaceae_NK4A214_group,X,,,,
Otu00364,Bacteria,Firmicutes,Clostridia,Clostridiales,Ruminococcaceae,Oscillibacter,,,,,X
Otu00372,Bacteria,Bacteroidetes,Bacteroidia,Bacteroidales,Muribaculaceae,Muribaculaceae_ge,X,,,,
Otu00376,Bacteria,Firmicutes,Clostridia,Clostridiales,Ruminococcaceae,Ruminococcaceae_UCG-014,X,,,,
Otu00378,Bacteria,Firmicutes,Clostridia,Clostridiales,Lachnospiraceae,Lachnospiraceae_unclassified,X,,,,
Otu00384,Bacteria,Firmicutes,Clostridia,Clostridiales,Ruminococcaceae,Ruminococcaceae_UCG-005,X,,,,
Otu00386,Bacteria,Firmicutes,Clostridia,Clostridiales,Lachnospiraceae,Lachnospiraceae_unclassified,X,,,,
Otu00395,Bacteria,Firmicutes,Clostridia,Clostridiales,Ruminococcaceae,Ruminococcaceae_unclassified,X,,,,
Otu00397,Bacteria,Firmicutes,Clostridia,Clostridiales,Lachnospiraceae,Lachnospiraceae_unclassified,X,,,,
Otu00401,Bacteria,Firmicutes,Clostridia,Clostridiales,Lachnospiraceae,Lachnospiraceae_NK4A136_group,X,,,,
Otu00402,Bacteria,Bacteria_unclassified,Bacteria_unclassified,Bacteria_unclassified,Bacteria_unclassified,Bacteria_unclassified,X,,,,
Otu00403,Bacteria,Firmicutes,Clostridia,Clostridiales,Clostridiales_vadinBB60_group,Clostridiales_vadinBB60_group_ge,X,,,,X
Otu00404,Bacteria,Firmicutes,Clostridia,Clostridiales,Ruminococcaceae,Ruminococcaceae_UCG-014,X,,,,
Otu00407,Bacteria,Firmicutes,Clostridia,Clostridiales,Lachnospiraceae,Lachnospiraceae_unclassified,,,,,X
Otu00408,Bacteria,Firmicutes,Clostridia,Clostridiales,Lachnospiraceae,Lachnospiraceae_unclassified,X,,,,
Otu00414,Bacteria,Bacteroidetes,Bacteroidia,Bacteroidales,Muribaculaceae,Muribaculaceae_ge,X,,,,
Otu00419,Bacteria,Bacteroidetes,Bacteroidia,Bacteroidales,Muribaculaceae,Muribaculaceae_ge,X,,,,
Otu00420,Bacteria,Firmicutes,Clostridia,Clostridiales,Ruminococcaceae,Ruminiclostridium_9,X,,,,
Otu00423,Bacteria,Cyanobacteria,Melainabacteria,Gastranaerophilales,Gastranaerophilales_fa,Gastranaerophilales_ge,X,,,,
Otu00424,Bacteria,Firmicutes,Clostridia,Clostridiales,Family_XIII,Family_XIII_ge,X,,,,
Otu00427,Bacteria,Cyanobacteria,Melainabacteria,Gastranaerophilales,Gastranaerophilales_fa,Gastranaerophilales_ge,X,,,,
Otu00433,Bacteria,Firmicutes,Clostridia,Clostridiales,Family_XIII,Family_XIII_AD3011_group,,,,X,X
Otu00435,Bacteria,Cyanobacteria,Melainabacteria,Gastranaerophilales,Gastranaerophilales_fa,Gastranaerophilales_ge,X,,,,
Otu00440,Bacteria,Bacteroidetes,Bacteroidia,Bacteroidales,Rikenellaceae,Alistipes,X,,,,
Otu00442,Bacteria,Cyanobacteria,Melainabacteria,Gastranaerophilales,Gastranaerophilales_fa,Gastranaerophilales_ge,X,,,,
Otu00443,Bacteria,Firmicutes,Clostridia,Clostridiales,Christensenellaceae,Christensenellaceae_R-7_group,,,,,X
Otu00444,Bacteria,Cyanobacteria,Melainabacteria,Gastranaerophilales,Gastranaerophilales_fa,Gastranaerophilales_ge,X,,,,
Otu00446,Bacteria,Bacteroidetes,Bacteroidia,Bacteroidales,Muribaculaceae,Muribaculaceae_ge,X,,,,
Otu00450,Bacteria,Bacteroidetes,Bacteroidia,Bacteroidales,Prevotellaceae,Prevotellaceae_unclassified,X,,,,
Otu00451,Bacteria,Firmicutes,Clostridia,Clostridiales,Lachnospiraceae,Roseburia,X,,,,
Otu00452,Bacteria,Bacteroidetes,Bacteroidia,Bacteroidales,Rikenellaceae,Alistipes,,,X,,
Otu00454,Bacteria,Firmicutes,Clostridia,Clostridiales,Lachnospiraceae,Lachnospiraceae_NK4A136_group,X,,,,
Otu00455,Bacteria,Firmicutes,Clostridia,Clostridiales,Defluviitaleaceae,Defluviitaleaceae_UCG-011,,,,,X
Otu00462,Bacteria,Firmicutes,Clostridia,Clostridiales,Lachnospiraceae,Lachnospiraceae_unclassified,X,,,,
Otu00464,Bacteria,Firmicutes,Clostridia,Clostridiales,Lachnospiraceae,Lachnospiraceae_unclassified,X,,,,
Otu00469,Bacteria,Firmicutes,Clostridia,Clostridiales,Lachnospiraceae,Roseburia,X,,,,
Otu00470,Bacteria,Cyanobacteria,Melainabacteria,Gastranaerophilales,Gastranaerophilales_fa,Gastranaerophilales_ge,X,,,,
Otu00473,Bacteria,Firmicutes,Clostridia,Clostridiales,Ruminococcaceae,Oscillospira,X,,,,
Otu00475,Bacteria,Firmicutes,Clostridia,Clostridiales,Lachnospiraceae,Lachnospiraceae_unclassified,,,,,X
Otu00476,Bacteria,Firmicutes,Clostridia,Clostridiales,Christensenellaceae,Christensenellaceae_R-7_group,X,,,,
Otu00480,Bacteria,Tenericutes,Mollicutes,Mollicutes_RF39,Mollicutes_RF39_fa,Mollicutes_RF39_ge,X,,,,
Otu00482,Bacteria,Firmicutes,Clostridia,Clostridiales,Lachnospiraceae,Lachnospiraceae_NK4A136_group,X,,,,
Otu00487,Bacteria,Firmicutes,Clostridia,Clostridiales,Ruminococcaceae,Ruminococcaceae_unclassified,X,,,,
Otu00488,Bacteria,Tenericutes,Mollicutes,Mollicutes_RF39,Mollicutes_RF39_fa,Mollicutes_RF39_ge,X,,,,
Otu00495,Bacteria,Firmicutes,Clostridia,Clostridiales,Ruminococcaceae,Ruminococcaceae_UCG-014,X,,,,
Otu00501,Bacteria,Bacteroidetes,Bacteroidia,Bacteroidales,Muribaculaceae,Muribaculaceae_unclassified,X,,,,
Otu00502,Bacteria,Firmicutes,Clostridia,Clostridiales,Ruminococcaceae,Ruminococcaceae_UCG-010,X,,,,
Otu00508,Bacteria,Firmicutes,Clostridia,Clostridiales,Clostridiales_vadinBB60_group,Clostridiales_vadinBB60_group_ge,X,,,,
Otu00510,Bacteria,Firmicutes,Clostridia,Clostridiales,Ruminococcaceae,Ruminococcaceae_unclassified,X,,,,
Otu00513,Bacteria,Firmicutes,Clostridia,Clostridiales,Ruminococcaceae,Ruminococcaceae_unclassified,X,,,,
Otu00515,Bacteria,Firmicutes,Clostridia,Clostridiales,Ruminococcaceae,Ruminococcaceae_unclassified,X,,,,
Otu00518,Bacteria,Firmicutes,Clostridia,Clostridiales,Lachnospiraceae,Lachnospiraceae_unclassified,X,,,,
Otu00521,Bacteria,Bacteroidetes,Bacteroidia,Bacteroidales,Rikenellaceae,Alistipes,X,,,,
Otu00526,Bacteria,Firmicutes,Clostridia,Clostridiales,Ruminococcaceae,Ruminococcaceae_unclassified,X,,,,
Otu00530,Bacteria,Cyanobacteria,Melainabacteria,Gastranaerophilales,Gastranaerophilales_fa,Gastranaerophilales_ge,X,,,,
Otu00533,Bacteria,Firmicutes,Clostridia,Clostridiales,Ruminococcaceae,Oscillibacter,X,,,,
Otu00544,Bacteria,Firmicutes,Clostridia,Clostridiales,Lachnospiraceae,Lachnospiraceae_unclassified,X,,,,
Otu00550,Bacteria,Firmicutes,Clostridia,Clostridiales,Ruminococcaceae,Ruminococcaceae_unclassified,X,,,,
Otu00555,Bacteria,Firmicutes,Clostridia,Clostridiales,Ruminococcaceae,Ruminococcaceae_V9D2013_group,X,,,,
Otu00559,Bacteria,Firmicutes,Clostridia,Clostridiales,Ruminococcaceae,Ruminococcaceae_unclassified,X,,,,
Otu00560,Bacteria,Firmicutes,Clostridia,Clostridiales,Ruminococcaceae,Ruminiclostridium_9,,,,X,
Otu00561,Bacteria,Firmicutes,Clostridia,Clostridiales,Ruminococcaceae,Ruminococcaceae_UCG-014,X,,,,
Otu00570,Bacteria,Firmicutes,Clostridia,Clostridiales,Ruminococcaceae,Ruminiclostridium,X,,,,
Otu00574,Bacteria,Firmicutes,Clostridia,Clostridiales,Lachnospiraceae,Lachnospiraceae_unclassified,X,,,,
Otu00576,Bacteria,Tenericutes,Mollicutes,Mollicutes_RF39,Mollicutes_RF39_fa,Mollicutes_RF39_ge,X,,,,
Otu00583,Bacteria,Cyanobacteria,Melainabacteria,Gastranaerophilales,Gastranaerophilales_fa,Gastranaerophilales_ge,X,,,,
Otu00586,Bacteria,Firmicutes,Clostridia,Clostridiales,Ruminococcaceae,Ruminococcaceae_UCG-013,X,,,,
Otu00595,Bacteria,Firmicutes,Clostridia,Clostridiales,Ruminococcaceae,Ruminococcaceae_unclassified,X,,,,
Otu00607,Bacteria,Firmicutes,Clostridia,Clostridiales,Ruminococcaceae,Ruminococcaceae_unclassified,,,,,X
Otu00609,Bacteria,Firmicutes,Clostridia,Clostridiales,Ruminococcaceae,Ruminiclostridium_5,X,,,,
Otu00613,Bacteria,Cyanobacteria,Melainabacteria,Gastranaerophilales,Gastranaerophilales_fa,Gastranaerophilales_ge,X,,,,
Otu00616,Bacteria,Firmicutes,Clostridia,Clostridiales,Lachnospiraceae,Lachnospiraceae_unclassified,X,,,,
Otu00617,Bacteria,Firmicutes,Clostridia,Clostridiales,Ruminococcaceae,Ruminococcaceae_UCG-014,X,,,,
Otu00618,Bacteria,Firmicutes,Clostridia,Clostridiales,Lachnospiraceae,Lachnospiraceae_unclassified,X,,,,
Otu00622,Bacteria,Firmicutes,Clostridia,Clostridiales,Ruminococcaceae,Ruminococcaceae_unclassified,X,,,,
Otu00623,Bacteria,Firmicutes,Clostridia,Clostridiales,Lachnospiraceae,Lachnospiraceae_unclassified,X,,,,
Otu00633,Bacteria,Firmicutes,Clostridia,Clostridiales,Lachnospiraceae,Lachnospiraceae_unclassified,X,,,,
Otu00645,Bacteria,Tenericutes,Mollicutes,Mollicutes_RF39,Mollicutes_RF39_fa,Mollicutes_RF39_ge,X,,,,
Otu00648,Bacteria,Firmicutes,Clostridia,Clostridiales,Lachnospiraceae,Lachnospiraceae_unclassified,X,,,,
Otu00653,Bacteria,Firmicutes,Clostridia,Clostridiales,Lachnospiraceae,Roseburia,X,,,,
Otu00657,Bacteria,Cyanobacteria,Melainabacteria,Gastranaerophilales,Gastranaerophilales_fa,Gastranaerophilales_ge,X,,,,
Otu00670,Bacteria,Proteobacteria,Gammaproteobacteria,Pasteurellales,Pasteurellaceae,Pasteurellaceae_unclassified,X,,,,
Otu00679,Bacteria,Firmicutes,Clostridia,Clostridiales,Lachnospiraceae,Lachnospiraceae_unclassified,X,,,,
Otu00680,Bacteria,Firmicutes,Clostridia,Clostridiales,Lachnospiraceae,Lachnospiraceae_FCS020_group,X,,,,
Otu00681,Bacteria,Firmicutes,Clostridia,Clostridiales,Lachnospiraceae,Lachnospiraceae_unclassified,X,,,,
Otu00692,Bacteria,Bacteroidetes,Bacteroidia,Bacteroidales,Muribaculaceae,Muribaculaceae_ge,X,,,,
Otu00699,Bacteria,Firmicutes,Clostridia,Clostridiales,Ruminococcaceae,Ruminococcaceae_ge,,,,,X
Otu00716,Bacteria,Firmicutes,Negativicutes,Selenomonadales,Veillonellaceae,Veillonellaceae_unclassified,X,,,,
Otu00718,Bacteria,Firmicutes,Clostridia,Clostridiales,Lachnospiraceae,Lachnospiraceae_unclassified,X,,,,
Otu00723,Bacteria,Firmicutes,Clostridia,Clostridiales,Clostridiales_vadinBB60_group,Clostridiales_vadinBB60_group_ge,X,,,,
Otu00725,Bacteria,Firmicutes,Clostridia,Clostridiales,Ruminococcaceae,Ruminococcaceae_UCG-010,X,,,,
Otu00728,Bacteria,Firmicutes,Clostridia,Clostridiales,Ruminococcaceae,uncultured,X,,,,
Otu00730,Bacteria,Cyanobacteria,Melainabacteria,Gastranaerophilales,Gastranaerophilales_fa,Gastranaerophilales_ge,X,,,,
Otu00735,Bacteria,Firmicutes,Clostridia,Clostridiales,Ruminococcaceae,Ruminococcaceae_unclassified,X,,,,
Otu00738,Bacteria,Firmicutes,Clostridia,Clostridiales,Ruminococcaceae,Ruminococcaceae_UCG-014,X,,,,
Otu00753,Bacteria,Firmicutes,Clostridia,Clostridiales,Lachnospiraceae,Lachnospiraceae_unclassified,X,,,,
Otu00757,Bacteria,Bacteria_unclassified,Bacteria_unclassified,Bacteria_unclassified,Bacteria_unclassified,Bacteria_unclassified,X,,,,
Otu00762,Bacteria,Firmicutes,Clostridia,Clostridiales,Ruminococcaceae,Ruminococcaceae_unclassified,,,,,X
Otu00778,Bacteria,Firmicutes,Clostridia,Clostridiales,Ruminococcaceae,Ruminococcaceae_unclassified,X,,,,
Otu00784,Bacteria,Firmicutes,Clostridia,Clostridiales,Ruminococcaceae,Ruminococcaceae_UCG-014,X,,,,
Otu00785,Bacteria,Firmicutes,Clostridia,Clostridiales,Lachnospiraceae,Lachnospiraceae_unclassified,X,,,,
Otu00787,Bacteria,Firmicutes,Clostridia,Clostridiales,Lachnospiraceae,Lachnospiraceae_NK4A136_group,X,,,,
Otu00795,Bacteria,Firmicutes,Clostridia,Clostridiales,Clostridiales_vadinBB60_group,Clostridiales_vadinBB60_group_ge,X,,,,
Otu00800,Bacteria,Firmicutes,Clostridia,Clostridiales,Lachnospiraceae,Lachnospiraceae_unclassified,X,,,,
Otu00829,Bacteria,Cyanobacteria,Melainabacteria,Gastranaerophilales,Gastranaerophilales_fa,Gastranaerophilales_ge,X,,,,
Otu00833,Bacteria,Firmicutes,Clostridia,Clostridiales,Ruminococcaceae,Ruminococcaceae_V9D2013_group,X,,,,
Otu00837,Bacteria,Bacteroidetes,Bacteroidia,Bacteroidales,Rikenellaceae,Alistipes,X,,,,
Otu00850,Bacteria,Firmicutes,Clostridia,Clostridiales,Ruminococcaceae,Ruminococcaceae_NK4A214_group,X,,,,
Otu00870,Bacteria,Firmicutes,Clostridia,Clostridiales,Ruminococcaceae,Ruminococcaceae_UCG-014,X,,,,
Otu00878,Bacteria,Cyanobacteria,Melainabacteria,Gastranaerophilales,Gastranaerophilales_fa,Gastranaerophilales_ge,X,,,,
Otu00901,Bacteria,Firmicutes,Clostridia,Clostridiales,Ruminococcaceae,Ruminococcaceae_unclassified,X,,,,
Otu00902,Bacteria,Firmicutes,Clostridia,Clostridiales,Lachnospiraceae,Lachnospiraceae_UCG-010,X,,,,
Otu00904,Bacteria,Firmicutes,Clostridia,Clostridiales,Family_XIII,Family_XIII_UCG-001,X,,,,
Otu00906,Bacteria,Firmicutes,Clostridia,Clostridiales,Ruminococcaceae,Ruminococcaceae_UCG-009,X,,,,
Otu00927,Bacteria,Firmicutes,Clostridia,Clostridiales,Clostridiales_vadinBB60_group,Clostridiales_vadinBB60_group_ge,X,,,,
Otu00945,Bacteria,Firmicutes,Clostridia,Clostridiales,Ruminococcaceae,Ruminococcaceae_unclassified,X,,,,
Otu00946,Bacteria,Bacteria_unclassified,Bacteria_unclassified,Bacteria_unclassified,Bacteria_unclassified,Bacteria_unclassified,X,,,,
Otu00984,Bacteria,Firmicutes,Clostridia,Clostridia_unclassified,Clostridia_unclassified,Clostridia_unclassified,X,,,,
Otu00994,Bacteria,Actinobacteria,Coriobacteriia,Coriobacteriales,Eggerthellaceae,Eggerthellaceae_unclassified,X,,,,
Otu01002,Bacteria,Bacteroidetes,Bacteroidia,Bacteroidales,Rikenellaceae,Alistipes,X,,,,
Otu01021,Bacteria,Actinobacteria,Coriobacteriia,Coriobacteriales,Coriobacteriales_unclassified,Coriobacteriales_unclassified,X,,,,
