"","Kingdom","Phylum","Class","Order","Family","Genus","Species"
"Otu00163","Bacteria","Firmicutes","Clostridia","Clostridiales","Lachnospiraceae","Lachnospiraceae_NK4A136_group","Otu00163"
"Otu00144","Bacteria","Firmicutes","Clostridia","Clostridiales","Lachnospiraceae","Lachnospiraceae_NK4A136_group","Otu00144"
"Otu00024","Bacteria","Firmicutes","Clostridia","Clostridiales","Lachnospiraceae","Lachnospiraceae_NK4A136_group","Otu00024"
"Otu00085","Bacteria","Firmicutes","Clostridia","Clostridiales","Lachnospiraceae","Lachnospiraceae_NK4A136_group","Otu00085"
"Otu00454","Bacteria","Firmicutes","Clostridia","Clostridiales","Lachnospiraceae","Lachnospiraceae_NK4A136_group","Otu00454"
"Otu00787","Bacteria","Firmicutes","Clostridia","Clostridiales","Lachnospiraceae","Lachnospiraceae_NK4A136_group","Otu00787"
"Otu00096","Bacteria","Firmicutes","Clostridia","Clostridiales","Lachnospiraceae","Lachnospiraceae_unclassified","Otu00096"
"Otu00589","Bacteria","Firmicutes","Clostridia","Clostridiales","Lachnospiraceae","Lachnospiraceae_NK4A136_group","Otu00589"
"Otu00648","Bacteria","Firmicutes","Clostridia","Clostridiales","Lachnospiraceae","Lachnospiraceae_unclassified","Otu00648"
"Otu00291","Bacteria","Firmicutes","Clostridia","Clostridiales","Lachnospiraceae","Lachnospiraceae_unclassified","Otu00291"
"Otu00106","Bacteria","Firmicutes","Clostridia","Clostridiales","Lachnospiraceae","Lachnospiraceae_unclassified","Otu00106"
"Otu00107","Bacteria","Firmicutes","Clostridia","Clostridiales","Lachnospiraceae","Marvinbryantia","Otu00107"
"Otu00168","Bacteria","Firmicutes","Clostridia","Clostridiales","Lachnospiraceae","Lachnospiraceae_unclassified","Otu00168"
"Otu00680","Bacteria","Firmicutes","Clostridia","Clostridiales","Lachnospiraceae","Lachnospiraceae_FCS020_group","Otu00680"
"Otu01014","Bacteria","Firmicutes","Clostridia","Clostridiales","Lachnospiraceae","Lachnospiraceae_unclassified","Otu01014"
"Otu00476","Bacteria","Firmicutes","Clostridia","Clostridiales","Christensenellaceae","Christensenellaceae_R-7_group","Otu00476"
"Otu00170","Bacteria","Firmicutes","Clostridia","Clostridiales","Christensenellaceae","Christensenellaceae_R-7_group","Otu00170"
"Otu00097","Bacteria","Firmicutes","Clostridia","Clostridiales","Christensenellaceae","Christensenellaceae_R-7_group","Otu00097"
"Otu00167","Bacteria","Firmicutes","Clostridia","Clostridiales","Christensenellaceae","Christensenellaceae_R-7_group","Otu00167"
"Otu00188","Bacteria","Firmicutes","Clostridia","Clostridiales","Christensenellaceae","Christensenellaceae_R-7_group","Otu00188"
"Otu00051","Bacteria","Firmicutes","Clostridia","Clostridiales","Christensenellaceae","Christensenellaceae_R-7_group","Otu00051"
"Otu00348","Bacteria","Firmicutes","Clostridia","Clostridiales","Family_XIII","Family_XIII_AD3011_group","Otu00348"
"Otu00424","Bacteria","Firmicutes","Clostridia","Clostridiales","Family_XIII","Family_XIII_ge","Otu00424"
"Otu00240","Bacteria","Firmicutes","Clostridia","Clostridiales","Family_XIII","Family_XIII_AD3011_group","Otu00240"
"Otu00904","Bacteria","Firmicutes","Clostridia","Clostridiales","Family_XIII","Family_XIII_UCG-001","Otu00904"
"Otu00693","Bacteria","Firmicutes","Clostridia","Clostridiales","Family_XIII","Family_XIII_unclassified","Otu00693"
"Otu00159","Bacteria","Firmicutes","Clostridia","Clostridiales","Family_XIII","Anaerovorax","Otu00159"
"Otu00757","Bacteria","Bacteria_unclassified","Bacteria_unclassified","Bacteria_unclassified","Bacteria_unclassified","Bacteria_unclassified","Otu00757"
"Otu00634","Bacteria","Bacteria_unclassified","Bacteria_unclassified","Bacteria_unclassified","Bacteria_unclassified","Bacteria_unclassified","Otu00634"
"Otu00026","Bacteria","Firmicutes","Clostridia","Clostridiales","Peptococcaceae","uncultured","Otu00026"
"Otu00252","Bacteria","Epsilonbacteraeota","Campylobacteria","Campylobacterales","Campylobacteraceae","Campylobacter","Otu00252"
"Otu00018","Bacteria","Bacteroidetes","Bacteroidia","Bacteroidales","Bacteroidaceae","Bacteroides","Otu00018"
"Otu00036","Bacteria","Bacteroidetes","Bacteroidia","Bacteroidales","Prevotellaceae","Prevotellaceae_Ga6A1_group","Otu00036"
"Otu00016","Bacteria","Bacteroidetes","Bacteroidia","Bacteroidales","Bacteroidaceae","Bacteroides","Otu00016"
"Otu00034","Bacteria","Bacteroidetes","Bacteroidia","Bacteroidales","Tannerellaceae","Parabacteroides","Otu00034"
"Otu00014","Bacteria","Bacteroidetes","Bacteroidia","Bacteroidales","Tannerellaceae","Parabacteroides","Otu00014"
"Otu00042","Bacteria","Bacteroidetes","Bacteroidia","Bacteroidales","Muribaculaceae","Muribaculaceae_ge","Otu00042"
"Otu00057","Bacteria","Bacteroidetes","Bacteroidia","Bacteroidales","Prevotellaceae","Alloprevotella","Otu00057"
"Otu00300","Bacteria","Bacteroidetes","Bacteroidia","Bacteroidales","Bacteroidales_RF16_group","Bacteroidales_RF16_group_ge","Otu00300"
"Otu00071","Bacteria","Bacteroidetes","Bacteroidia","Bacteroidales","Rikenellaceae","Rikenellaceae_unclassified","Otu00071"
"Otu00318","Bacteria","Bacteroidetes","Bacteroidia","Bacteroidales","Rikenellaceae","Rikenellaceae_unclassified","Otu00318"
"Otu00155","Bacteria","Firmicutes","Clostridia","Clostridiales","Lachnospiraceae","Natranaerovirga","Otu00155"
"Otu00154","Bacteria","Firmicutes","Clostridia","Clostridiales","Ruminococcaceae","Oscillibacter","Otu00154"
"Otu00175","Bacteria","Firmicutes","Clostridia","Clostridiales","Ruminococcaceae","Oscillibacter","Otu00175"
"Otu00870","Bacteria","Firmicutes","Clostridia","Clostridiales","Ruminococcaceae","Ruminococcaceae_UCG-014","Otu00870"
"Otu00860","Bacteria","Firmicutes","Clostridia","Clostridiales","Ruminococcaceae","Ruminococcaceae_UCG-014","Otu00860"
"Otu00404","Bacteria","Firmicutes","Clostridia","Clostridiales","Ruminococcaceae","Ruminococcaceae_UCG-014","Otu00404"
"Otu00784","Bacteria","Firmicutes","Clostridia","Clostridiales","Ruminococcaceae","Ruminococcaceae_UCG-014","Otu00784"
"Otu00227","Bacteria","Firmicutes","Clostridia","Clostridiales","Ruminococcaceae","Ruminococcaceae_UCG-014","Otu00227"
"Otu01295","Bacteria","Firmicutes","Clostridia","Clostridiales","Ruminococcaceae","Ruminococcaceae_UCG-014","Otu01295"
"Otu00495","Bacteria","Firmicutes","Clostridia","Clostridiales","Ruminococcaceae","Ruminococcaceae_UCG-014","Otu00495"
"Otu00617","Bacteria","Firmicutes","Clostridia","Clostridiales","Ruminococcaceae","Ruminococcaceae_UCG-014","Otu00617"
"Otu01184","Bacteria","Firmicutes","Clostridia","Clostridiales","Ruminococcaceae","Ruminococcaceae_UCG-014","Otu01184"
"Otu00738","Bacteria","Firmicutes","Clostridia","Clostridiales","Ruminococcaceae","Ruminococcaceae_UCG-014","Otu00738"
"Otu00376","Bacteria","Firmicutes","Clostridia","Clostridiales","Ruminococcaceae","Ruminococcaceae_UCG-014","Otu00376"
"Otu00561","Bacteria","Firmicutes","Clostridia","Clostridiales","Ruminococcaceae","Ruminococcaceae_UCG-014","Otu00561"
"Otu01009","Bacteria","Firmicutes","Clostridia","Clostridiales","Ruminococcaceae","Ruminococcaceae_UCG-014","Otu01009"
"Otu00567","Bacteria","Firmicutes","Clostridia","Clostridiales","Ruminococcaceae","Ruminococcaceae_UCG-014","Otu00567"
"Otu00411","Bacteria","Firmicutes","Clostridia","Clostridiales","Ruminococcaceae","Ruminococcaceae_UCG-014","Otu00411"
"Otu00716","Bacteria","Firmicutes","Negativicutes","Selenomonadales","Veillonellaceae","Veillonellaceae_unclassified","Otu00716"
"Otu00098","Bacteria","Proteobacteria","Alphaproteobacteria","Rhodospirillales","uncultured","uncultured_ge","Otu00098"
"Otu00670","Bacteria","Proteobacteria","Gammaproteobacteria","Pasteurellales","Pasteurellaceae","Pasteurellaceae_unclassified","Otu00670"
"Otu00270","Bacteria","Elusimicrobia","Elusimicrobia","Elusimicrobiales","Elusimicrobiaceae","Elusimicrobium","Otu00270"
"Otu01021","Bacteria","Actinobacteria","Coriobacteriia","Coriobacteriales","Coriobacteriales_unclassified","Coriobacteriales_unclassified","Otu01021"
"Otu00994","Bacteria","Actinobacteria","Coriobacteriia","Coriobacteriales","Eggerthellaceae","Eggerthellaceae_unclassified","Otu00994"
"Otu00278","Bacteria","Actinobacteria","Coriobacteriia","Coriobacteriales","Eggerthellaceae","DNF00809","Otu00278"
"Otu00283","Bacteria","Firmicutes","Clostridia","Clostridiales","Peptococcaceae","uncultured","Otu00283"
"Otu00488","Bacteria","Tenericutes","Mollicutes","Mollicutes_RF39","Mollicutes_RF39_fa","Mollicutes_RF39_ge","Otu00488"
"Otu00480","Bacteria","Tenericutes","Mollicutes","Mollicutes_RF39","Mollicutes_RF39_fa","Mollicutes_RF39_ge","Otu00480"
"Otu00576","Bacteria","Tenericutes","Mollicutes","Mollicutes_RF39","Mollicutes_RF39_fa","Mollicutes_RF39_ge","Otu00576"
"Otu00373","Bacteria","Tenericutes","Mollicutes","Mollicutes_RF39","Mollicutes_RF39_fa","Mollicutes_RF39_ge","Otu00373"
"Otu00645","Bacteria","Tenericutes","Mollicutes","Mollicutes_RF39","Mollicutes_RF39_fa","Mollicutes_RF39_ge","Otu00645"
"Otu00336","Bacteria","Firmicutes","Clostridia","Clostridiales","Clostridiales_vadinBB60_group","Clostridiales_vadinBB60_group_ge","Otu00336"
"Otu00723","Bacteria","Firmicutes","Clostridia","Clostridiales","Clostridiales_vadinBB60_group","Clostridiales_vadinBB60_group_ge","Otu00723"
"Otu00914","Bacteria","Firmicutes","Clostridia","Clostridiales","Clostridiales_vadinBB60_group","Clostridiales_vadinBB60_group_ge","Otu00914"
"Otu00147","Bacteria","Firmicutes","Clostridia","Clostridiales","Clostridiales_vadinBB60_group","Clostridiales_vadinBB60_group_ge","Otu00147"
"Otu00403","Bacteria","Firmicutes","Clostridia","Clostridiales","Clostridiales_vadinBB60_group","Clostridiales_vadinBB60_group_ge","Otu00403"
"Otu00795","Bacteria","Firmicutes","Clostridia","Clostridiales","Clostridiales_vadinBB60_group","Clostridiales_vadinBB60_group_ge","Otu00795"
"Otu00508","Bacteria","Firmicutes","Clostridia","Clostridiales","Clostridiales_vadinBB60_group","Clostridiales_vadinBB60_group_ge","Otu00508"
"Otu00927","Bacteria","Firmicutes","Clostridia","Clostridiales","Clostridiales_vadinBB60_group","Clostridiales_vadinBB60_group_ge","Otu00927"
"Otu00815","Bacteria","Firmicutes","Clostridia","Clostridiales","Clostridiales_vadinBB60_group","Clostridiales_vadinBB60_group_ge","Otu00815"
"Otu00586","Bacteria","Firmicutes","Clostridia","Clostridiales","Ruminococcaceae","Ruminococcaceae_UCG-013","Otu00586"
"Otu00073","Bacteria","Firmicutes","Clostridia","Clostridiales","Ruminococcaceae","Ruminococcus_1","Otu00073"
"Otu00622","Bacteria","Firmicutes","Clostridia","Clostridiales","Ruminococcaceae","Ruminococcaceae_unclassified","Otu00622"
"Otu00095","Bacteria","Firmicutes","Clostridia","Clostridiales","Ruminococcaceae","Ruminococcus_1","Otu00095"
"Otu00092","Bacteria","Firmicutes","Clostridia","Clostridiales","Ruminococcaceae","Ruminococcaceae_ge","Otu00092"
"Otu00984","Bacteria","Firmicutes","Clostridia","Clostridia_unclassified","Clostridia_unclassified","Clostridia_unclassified","Otu00984"
"Otu00526","Bacteria","Firmicutes","Clostridia","Clostridiales","Ruminococcaceae","Ruminococcaceae_unclassified","Otu00526"
"Otu00560","Bacteria","Firmicutes","Clostridia","Clostridiales","Ruminococcaceae","Ruminiclostridium_9","Otu00560"
"Otu00197","Bacteria","Firmicutes","Clostridia","Clostridiales","Ruminococcaceae","Ruminococcaceae_unclassified","Otu00197"
"Otu00965","Bacteria","Firmicutes","Clostridia","Clostridiales","Ruminococcaceae","Ruminococcaceae_unclassified","Otu00965"
"Otu00120","Bacteria","Firmicutes","Clostridia","Clostridiales","Ruminococcaceae","Ruminococcaceae_unclassified","Otu00120"
"Otu01145","Bacteria","Firmicutes","Clostridia","Clostridiales","Ruminococcaceae","Ruminiclostridium_6","Otu01145"
"Otu00921","Bacteria","Firmicutes","Clostridia","Clostridiales","Ruminococcaceae","Ruminococcaceae_unclassified","Otu00921"
"Otu00140","Bacteria","Firmicutes","Clostridia","Clostridiales","Ruminococcaceae","Ruminiclostridium_6","Otu00140"
"Otu00559","Bacteria","Firmicutes","Clostridia","Clostridiales","Ruminococcaceae","Ruminococcaceae_unclassified","Otu00559"
"Otu00786","Bacteria","Firmicutes","Clostridia","Clostridiales","Ruminococcaceae","Ruminococcaceae_unclassified","Otu00786"
"Otu00234","Bacteria","Firmicutes","Clostridia","Clostridiales","Ruminococcaceae","Harryflintia","Otu00234"
"Otu00797","Bacteria","Firmicutes","Clostridia","Clostridiales","Ruminococcaceae","Harryflintia","Otu00797"
"Otu00510","Bacteria","Firmicutes","Clostridia","Clostridiales","Ruminococcaceae","Ruminococcaceae_unclassified","Otu00510"
"Otu00595","Bacteria","Firmicutes","Clostridia","Clostridiales","Ruminococcaceae","Ruminococcaceae_unclassified","Otu00595"
"Otu00778","Bacteria","Firmicutes","Clostridia","Clostridiales","Ruminococcaceae","Ruminococcaceae_unclassified","Otu00778"
"Otu00199","Bacteria","Firmicutes","Clostridia","Clostridiales","Ruminococcaceae","GCA-900066225","Otu00199"
"Otu00312","Bacteria","Firmicutes","Clostridia","Clostridiales","Ruminococcaceae","Ruminiclostridium_5","Otu00312"
"Otu00609","Bacteria","Firmicutes","Clostridia","Clostridiales","Ruminococcaceae","Ruminiclostridium_5","Otu00609"
"Otu00671","Bacteria","Firmicutes","Clostridia","Clostridiales","Ruminococcaceae","Ruminiclostridium_5","Otu00671"
"Otu00359","Bacteria","Firmicutes","Clostridia","Clostridiales","Ruminococcaceae","Ruminococcaceae_unclassified","Otu00359"
"Otu00229","Bacteria","Firmicutes","Clostridia","Clostridiales","Ruminococcaceae","Ruminiclostridium_9","Otu00229"
"Otu00267","Bacteria","Firmicutes","Clostridia","Clostridiales","Ruminococcaceae","Ruminococcaceae_unclassified","Otu00267"
"Otu00735","Bacteria","Firmicutes","Clostridia","Clostridiales","Ruminococcaceae","Ruminococcaceae_unclassified","Otu00735"
"Otu00610","Bacteria","Firmicutes","Clostridia","Clostridiales","Ruminococcaceae","Ruminococcaceae_NK4A214_group","Otu00610"
"Otu00169","Bacteria","Firmicutes","Clostridia","Clostridiales","Ruminococcaceae","Ruminococcaceae_unclassified","Otu00169"
"Otu00266","Bacteria","Firmicutes","Clostridia","Clostridiales","Ruminococcaceae","Ruminococcaceae_unclassified","Otu00266"
"Otu00259","Bacteria","Firmicutes","Clostridia","Clostridiales","Ruminococcaceae","Ruminiclostridium_9","Otu00259"
"Otu00184","Bacteria","Firmicutes","Clostridia","Clostridiales","Ruminococcaceae","Ruminococcaceae_unclassified","Otu00184"
"Otu00150","Bacteria","Firmicutes","Clostridia","Clostridiales","Ruminococcaceae","Ruminococcaceae_unclassified","Otu00150"
"Otu00161","Bacteria","Firmicutes","Clostridia","Clostridiales","Ruminococcaceae","Intestinimonas","Otu00161"
"Otu00210","Bacteria","Firmicutes","Clostridia","Clostridiales","Ruminococcaceae","Ruminococcaceae_unclassified","Otu00210"
"Otu00550","Bacteria","Firmicutes","Clostridia","Clostridiales","Ruminococcaceae","Ruminococcaceae_unclassified","Otu00550"
"Otu01119","Bacteria","Firmicutes","Clostridia","Clostridiales","Ruminococcaceae","Ruminococcaceae_unclassified","Otu01119"
"Otu00906","Bacteria","Firmicutes","Clostridia","Clostridiales","Ruminococcaceae","Ruminococcaceae_UCG-009","Otu00906"
"Otu00243","Bacteria","Firmicutes","Clostridia","Clostridiales","Ruminococcaceae","Ruminococcaceae_unclassified","Otu00243"
"Otu00236","Bacteria","Firmicutes","Clostridia","Clostridiales","Ruminococcaceae","Ruminococcaceae_UCG-009","Otu00236"
"Otu00555","Bacteria","Firmicutes","Clostridia","Clostridiales","Ruminococcaceae","Ruminococcaceae_V9D2013_group","Otu00555"
"Otu00833","Bacteria","Firmicutes","Clostridia","Clostridiales","Ruminococcaceae","Ruminococcaceae_V9D2013_group","Otu00833"
"Otu00570","Bacteria","Firmicutes","Clostridia","Clostridiales","Ruminococcaceae","Ruminiclostridium","Otu00570"
"Otu00206","Bacteria","Firmicutes","Clostridia","Clostridiales","Ruminococcaceae","Ruminiclostridium","Otu00206"
"Otu00869","Bacteria","Firmicutes","Clostridia","Clostridiales","Ruminococcaceae","Ruminiclostridium","Otu00869"
"Otu00891","Bacteria","Firmicutes","Clostridia","Clostridiales","Ruminococcaceae","Ruminiclostridium","Otu00891"
"Otu00156","Bacteria","Firmicutes","Clostridia","Clostridiales","Ruminococcaceae","Ruminococcaceae_unclassified","Otu00156"
"Otu00273","Bacteria","Firmicutes","Clostridia","Clostridiales","Ruminococcaceae","Ruminococcaceae_unclassified","Otu00273"
"Otu00533","Bacteria","Firmicutes","Clostridia","Clostridiales","Ruminococcaceae","Oscillibacter","Otu00533"
"Otu00513","Bacteria","Firmicutes","Clostridia","Clostridiales","Ruminococcaceae","Ruminococcaceae_unclassified","Otu00513"
"Otu00390","Bacteria","Firmicutes","Clostridia","Clostridiales","Ruminococcaceae","Ruminococcaceae_unclassified","Otu00390"
"Otu00728","Bacteria","Firmicutes","Clostridia","Clostridiales","Ruminococcaceae","uncultured","Otu00728"
"Otu00301","Bacteria","Firmicutes","Clostridia","Clostridiales","Ruminococcaceae","Ruminococcaceae_UCG-005","Otu00301"
"Otu00189","Bacteria","Firmicutes","Clostridia","Clostridiales","Ruminococcaceae","Ruminococcaceae_UCG-005","Otu00189"
"Otu00487","Bacteria","Firmicutes","Clostridia","Clostridiales","Ruminococcaceae","Ruminococcaceae_unclassified","Otu00487"
"Otu00395","Bacteria","Firmicutes","Clostridia","Clostridiales","Ruminococcaceae","Ruminococcaceae_unclassified","Otu00395"
"Otu00079","Bacteria","Firmicutes","Clostridia","Clostridiales","Ruminococcaceae","Ruminococcaceae_UCG-005","Otu00079"
"Otu00384","Bacteria","Firmicutes","Clostridia","Clostridiales","Ruminococcaceae","Ruminococcaceae_UCG-005","Otu00384"
"Otu00048","Bacteria","Firmicutes","Clostridia","Clostridiales","Ruminococcaceae","Ruminococcaceae_UCG-005","Otu00048"
"Otu00200","Bacteria","Firmicutes","Clostridia","Clostridiales","Ruminococcaceae","Oscillibacter","Otu00200"
"Otu00093","Bacteria","Firmicutes","Clostridia","Clostridiales","Ruminococcaceae","Ruminococcaceae_unclassified","Otu00093"
"Otu00945","Bacteria","Firmicutes","Clostridia","Clostridiales","Ruminococcaceae","Ruminococcaceae_unclassified","Otu00945"
"Otu01132","Bacteria","Firmicutes","Clostridia","Clostridiales","Ruminococcaceae","Ruminococcaceae_UCG-005","Otu01132"
"Otu00133","Bacteria","Firmicutes","Clostridia","Clostridiales","Ruminococcaceae","Ruminococcaceae_unclassified","Otu00133"
"Otu00299","Bacteria","Firmicutes","Clostridia","Clostridiales","Ruminococcaceae","Ruminococcaceae_unclassified","Otu00299"
"Otu00901","Bacteria","Firmicutes","Clostridia","Clostridiales","Ruminococcaceae","Ruminococcaceae_unclassified","Otu00901"
"Otu00202","Bacteria","Firmicutes","Clostridia","Clostridiales","Ruminococcaceae","Butyricicoccus","Otu00202"
"Otu00522","Bacteria","Firmicutes","Clostridia","Clostridiales","Ruminococcaceae","Butyricicoccus","Otu00522"
"Otu00515","Bacteria","Firmicutes","Clostridia","Clostridiales","Ruminococcaceae","Ruminococcaceae_unclassified","Otu00515"
"Otu00325","Bacteria","Firmicutes","Clostridia","Clostridiales","Ruminococcaceae","Ruminococcaceae_UCG-010","Otu00325"
"Otu01154","Bacteria","Firmicutes","Clostridia","Clostridiales","Ruminococcaceae","Ruminococcaceae_UCG-010","Otu01154"
"Otu00822","Bacteria","Firmicutes","Clostridia","Clostridiales","Ruminococcaceae","Ruminococcaceae_UCG-010","Otu00822"
"Otu00725","Bacteria","Firmicutes","Clostridia","Clostridiales","Ruminococcaceae","Ruminococcaceae_UCG-010","Otu00725"
"Otu00502","Bacteria","Firmicutes","Clostridia","Clostridiales","Ruminococcaceae","Ruminococcaceae_UCG-010","Otu00502"
"Otu00088","Bacteria","Firmicutes","Clostridia","Clostridiales","Ruminococcaceae","Ruminococcaceae_NK4A214_group","Otu00088"
"Otu00360","Bacteria","Firmicutes","Clostridia","Clostridiales","Ruminococcaceae","Ruminococcaceae_NK4A214_group","Otu00360"
"Otu00850","Bacteria","Firmicutes","Clostridia","Clostridiales","Ruminococcaceae","Ruminococcaceae_NK4A214_group","Otu00850"
"Otu00067","Bacteria","Firmicutes","Clostridia","Clostridiales","Peptococcaceae","uncultured","Otu00067"
"Otu00158","Bacteria","Bacteroidetes","Bacteroidia","Bacteroidales","Prevotellaceae","Prevotellaceae_unclassified","Otu00158"
"Otu00080","Bacteria","Bacteria_unclassified","Bacteria_unclassified","Bacteria_unclassified","Bacteria_unclassified","Bacteria_unclassified","Otu00080"
"Otu00074","Bacteria","Bacteroidetes","Bacteroidia","Bacteroidales","Bacteroidaceae","Bacteroides","Otu00074"
"Otu00022","Bacteria","Bacteroidetes","Bacteroidia","Bacteroidales","Bacteroidaceae","Bacteroides","Otu00022"
"Otu00038","Bacteria","Bacteroidetes","Bacteroidia","Bacteroidales","Bacteroidaceae","Bacteroides","Otu00038"
"Otu00146","Bacteria","Bacteroidetes","Bacteroidia","Bacteroidales","Marinifilaceae","Odoribacter","Otu00146"
"Otu00004","Bacteria","Bacteroidetes","Bacteroidia","Bacteroidales","Marinifilaceae","Odoribacter","Otu00004"
"Otu00105","Bacteria","Bacteroidetes","Bacteroidia","Bacteroidales","Marinifilaceae","Butyricimonas","Otu00105"
"Otu00108","Bacteria","Bacteroidetes","Bacteroidia","Bacteroidales","Muribaculaceae","Muribaculaceae_ge","Otu00108"
"Otu00089","Bacteria","Bacteroidetes","Bacteroidia","Bacteroidales","Muribaculaceae","Muribaculaceae_ge","Otu00089"
"Otu00102","Bacteria","Bacteroidetes","Bacteroidia","Bacteroidales","Muribaculaceae","Muribaculaceae_unclassified","Otu00102"
"Otu00213","Bacteria","Bacteroidetes","Bacteroidia","Bacteroidales","Muribaculaceae","Muribaculaceae_ge","Otu00213"
"Otu00368","Bacteria","Bacteroidetes","Bacteroidia","Bacteroidales","Muribaculaceae","Muribaculaceae_ge","Otu00368"
"Otu00382","Bacteria","Bacteroidetes","Bacteroidia","Bacteroidales","Muribaculaceae","Muribaculaceae_ge","Otu00382"
"Otu00182","Bacteria","Bacteroidetes","Bacteroidia","Bacteroidales","Muribaculaceae","Muribaculaceae_ge","Otu00182"
"Otu00501","Bacteria","Bacteroidetes","Bacteroidia","Bacteroidales","Muribaculaceae","Muribaculaceae_unclassified","Otu00501"
"Otu00212","Bacteria","Bacteroidetes","Bacteroidia","Bacteroidales","Muribaculaceae","Muribaculaceae_ge","Otu00212"
"Otu00692","Bacteria","Bacteroidetes","Bacteroidia","Bacteroidales","Muribaculaceae","Muribaculaceae_ge","Otu00692"
"Otu00337","Bacteria","Bacteroidetes","Bacteroidia","Bacteroidales","Muribaculaceae","Muribaculaceae_ge","Otu00337"
"Otu00372","Bacteria","Bacteroidetes","Bacteroidia","Bacteroidales","Muribaculaceae","Muribaculaceae_ge","Otu00372"
"Otu00223","Bacteria","Bacteroidetes","Bacteroidia","Bacteroidales","Muribaculaceae","Muribaculaceae_ge","Otu00223"
"Otu00254","Bacteria","Bacteroidetes","Bacteroidia","Bacteroidales","Muribaculaceae","Muribaculaceae_ge","Otu00254"
"Otu00047","Bacteria","Bacteroidetes","Bacteroidia","Bacteroidales","Muribaculaceae","Muribaculaceae_ge","Otu00047"
"Otu00198","Bacteria","Bacteroidetes","Bacteroidia","Bacteroidales","Muribaculaceae","Muribaculaceae_ge","Otu00198"
"Otu00045","Bacteria","Bacteroidetes","Bacteroidia","Bacteroidales","Muribaculaceae","Muribaculaceae_ge","Otu00045"
"Otu00512","Bacteria","Bacteroidetes","Bacteroidia","Bacteroidales","Muribaculaceae","Muribaculaceae_ge","Otu00512"
"Otu00446","Bacteria","Bacteroidetes","Bacteroidia","Bacteroidales","Muribaculaceae","Muribaculaceae_ge","Otu00446"
"Otu00414","Bacteria","Bacteroidetes","Bacteroidia","Bacteroidales","Muribaculaceae","Muribaculaceae_ge","Otu00414"
"Otu00264","Bacteria","Bacteroidetes","Bacteroidia","Bacteroidales","Muribaculaceae","Muribaculaceae_ge","Otu00264"
"Otu00304","Bacteria","Bacteroidetes","Bacteroidia","Bacteroidales","Muribaculaceae","Muribaculaceae_ge","Otu00304"
"Otu00293","Bacteria","Bacteroidetes","Bacteroidia","Bacteroidales","Muribaculaceae","Muribaculaceae_ge","Otu00293"
"Otu00419","Bacteria","Bacteroidetes","Bacteroidia","Bacteroidales","Muribaculaceae","Muribaculaceae_ge","Otu00419"
"Otu00151","Bacteria","Bacteroidetes","Bacteroidia","Bacteroidales","Muribaculaceae","Muribaculaceae_ge","Otu00151"
"Otu00209","Bacteria","Bacteroidetes","Bacteroidia","Bacteroidales","Muribaculaceae","Muribaculaceae_ge","Otu00209"
"Otu00122","Bacteria","Bacteroidetes","Bacteroidia","Bacteroidales","Muribaculaceae","Muribaculaceae_ge","Otu00122"
"Otu00114","Bacteria","Bacteroidetes","Bacteroidia","Bacteroidales","Muribaculaceae","Muribaculaceae_ge","Otu00114"
"Otu00056","Bacteria","Bacteroidetes","Bacteroidia","Bacteroidales","Muribaculaceae","Muribaculaceae_ge","Otu00056"
"Otu00075","Bacteria","Bacteroidetes","Bacteroidia","Bacteroidales","Muribaculaceae","Muribaculaceae_ge","Otu00075"
"Otu00126","Bacteria","Bacteroidetes","Bacteroidia","Bacteroidales","Muribaculaceae","Muribaculaceae_unclassified","Otu00126"
"Otu00356","Bacteria","Bacteroidetes","Bacteroidia","Bacteroidales","Muribaculaceae","Muribaculaceae_unclassified","Otu00356"
"Otu00276","Bacteria","Bacteroidetes","Bacteroidia","Bacteroidales","Muribaculaceae","Muribaculaceae_unclassified","Otu00276"
"Otu00317","Bacteria","Bacteroidetes","Bacteroidia","Bacteroidales","Rikenellaceae","Alistipes","Otu00317"
"Otu00145","Bacteria","Bacteroidetes","Bacteroidia","Bacteroidales","Rikenellaceae","Alistipes","Otu00145"
"Otu01002","Bacteria","Bacteroidetes","Bacteroidia","Bacteroidales","Rikenellaceae","Alistipes","Otu01002"
"Otu00521","Bacteria","Bacteroidetes","Bacteroidia","Bacteroidales","Rikenellaceae","Alistipes","Otu00521"
"Otu00139","Bacteria","Bacteroidetes","Bacteroidia","Bacteroidales","Rikenellaceae","Alistipes","Otu00139"
"Otu00021","Bacteria","Bacteroidetes","Bacteroidia","Bacteroidales","Rikenellaceae","Alistipes","Otu00021"
"Otu00837","Bacteria","Bacteroidetes","Bacteroidia","Bacteroidales","Rikenellaceae","Alistipes","Otu00837"
"Otu00012","Bacteria","Bacteroidetes","Bacteroidia","Bacteroidales","Rikenellaceae","Alistipes","Otu00012"
"Otu00440","Bacteria","Bacteroidetes","Bacteroidia","Bacteroidales","Rikenellaceae","Alistipes","Otu00440"
"Otu00083","Bacteria","Bacteroidetes","Bacteroidia","Bacteroidales","Rikenellaceae","Alistipes","Otu00083"
"Otu00231","Bacteria","Bacteroidetes","Bacteroidia","Bacteroidales","Rikenellaceae","Alistipes","Otu00231"
"Otu00064","Bacteria","Bacteroidetes","Bacteroidia","Bacteroidales","Rikenellaceae","Alistipes","Otu00064"
"Otu00450","Bacteria","Bacteroidetes","Bacteroidia","Bacteroidales","Prevotellaceae","Prevotellaceae_unclassified","Otu00450"
"Otu00306","Bacteria","Bacteroidetes","Bacteroidia","Bacteroidales","Prevotellaceae","Prevotellaceae_unclassified","Otu00306"
"Otu00172","Bacteria","Bacteroidetes","Bacteroidia","Bacteroidales","Prevotellaceae","Prevotella_9","Otu00172"
"Otu00050","Bacteria","Bacteroidetes","Bacteroidia","Bacteroidales","Prevotellaceae","Prevotellaceae_unclassified","Otu00050"
"Otu00473","Bacteria","Firmicutes","Clostridia","Clostridiales","Ruminococcaceae","Oscillospira","Otu00473"
"Otu00068","Bacteria","Firmicutes","Clostridia","Clostridiales","Ruminococcaceae","Ruminiclostridium_9","Otu00068"
"Otu00420","Bacteria","Firmicutes","Clostridia","Clostridiales","Ruminococcaceae","Ruminiclostridium_9","Otu00420"
"Otu00303","Bacteria","Firmicutes","Clostridia","Clostridiales","Ruminococcaceae","Ruminiclostridium_9","Otu00303"
"Otu00084","Bacteria","Firmicutes","Clostridia","Clostridiales","Ruminococcaceae","Ruminococcaceae_unclassified","Otu00084"
"Otu00233","Bacteria","Proteobacteria","Deltaproteobacteria","Desulfovibrionales","Desulfovibrionaceae","uncultured","Otu00233"
"Otu00043","Bacteria","Proteobacteria","Gammaproteobacteria","Betaproteobacteriales","Burkholderiaceae","Parasutterella","Otu00043"
"Otu00902","Bacteria","Firmicutes","Clostridia","Clostridiales","Lachnospiraceae","Lachnospiraceae_UCG-010","Otu00902"
"Otu00274","Bacteria","Firmicutes","Clostridia","Clostridiales","Lachnospiraceae","Lachnospiraceae_UCG-010","Otu00274"
"Otu00011","Bacteria","Firmicutes","Clostridia","Clostridiales","Christensenellaceae","Christensenellaceae_R-7_group","Otu00011"
"Otu00334","Bacteria","Firmicutes","Clostridia","Clostridiales","Lachnospiraceae","Lachnospiraceae_unclassified","Otu00334"
"Otu00322","Bacteria","Firmicutes","Clostridia","Clostridiales","Lachnospiraceae","Lachnospiraceae_unclassified","Otu00322"
"Otu00718","Bacteria","Firmicutes","Clostridia","Clostridiales","Lachnospiraceae","Lachnospiraceae_unclassified","Otu00718"
"Otu00248","Bacteria","Firmicutes","Clostridia","Clostridiales","Lachnospiraceae","Lachnospiraceae_unclassified","Otu00248"
"Otu00343","Bacteria","Firmicutes","Clostridia","Clostridiales","Lachnospiraceae","Lachnospiraceae_unclassified","Otu00343"
"Otu00397","Bacteria","Firmicutes","Clostridia","Clostridiales","Lachnospiraceae","Lachnospiraceae_unclassified","Otu00397"
"Otu00587","Bacteria","Firmicutes","Clostridia","Clostridiales","Lachnospiraceae","Lachnospiraceae_unclassified","Otu00587"
"Otu00753","Bacteria","Firmicutes","Clostridia","Clostridiales","Lachnospiraceae","Lachnospiraceae_unclassified","Otu00753"
"Otu00544","Bacteria","Firmicutes","Clostridia","Clostridiales","Lachnospiraceae","Lachnospiraceae_unclassified","Otu00544"
"Otu00408","Bacteria","Firmicutes","Clostridia","Clostridiales","Lachnospiraceae","Lachnospiraceae_unclassified","Otu00408"
"Otu00814","Bacteria","Firmicutes","Clostridia","Clostridiales","Lachnospiraceae","Lachnospiraceae_unclassified","Otu00814"
"Otu00653","Bacteria","Firmicutes","Clostridia","Clostridiales","Lachnospiraceae","Roseburia","Otu00653"
"Otu00469","Bacteria","Firmicutes","Clostridia","Clostridiales","Lachnospiraceae","Roseburia","Otu00469"
"Otu00451","Bacteria","Firmicutes","Clostridia","Clostridiales","Lachnospiraceae","Roseburia","Otu00451"
"Otu00843","Bacteria","Firmicutes","Clostridia","Clostridiales","Lachnospiraceae","Lachnospiraceae_unclassified","Otu00843"
"Otu00215","Bacteria","Firmicutes","Clostridia","Clostridiales","Lachnospiraceae","Lachnospiraceae_unclassified","Otu00215"
"Otu00269","Bacteria","Firmicutes","Clostridia","Clostridiales","Lachnospiraceae","Lachnospiraceae_UCG-001","Otu00269"
"Otu00193","Bacteria","Firmicutes","Clostridia","Clostridiales","Lachnospiraceae","Lachnospiraceae_unclassified","Otu00193"
"Otu00166","Bacteria","Firmicutes","Clostridia","Clostridiales","Lachnospiraceae","Lachnospiraceae_unclassified","Otu00166"
"Otu00623","Bacteria","Firmicutes","Clostridia","Clostridiales","Lachnospiraceae","Lachnospiraceae_unclassified","Otu00623"
"Otu00704","Bacteria","Firmicutes","Clostridia","Clostridiales","Lachnospiraceae","Lachnospiraceae_unclassified","Otu00704"
"Otu00632","Bacteria","Firmicutes","Clostridia","Clostridiales","Lachnospiraceae","GCA-900066575","Otu00632"
"Otu00041","Bacteria","Firmicutes","Clostridia","Clostridiales","Lachnospiraceae","Lachnospiraceae_unclassified","Otu00041"
"Otu00345","Bacteria","Firmicutes","Clostridia","Clostridiales","Lachnospiraceae","Lachnospiraceae_unclassified","Otu00345"
"Otu00239","Bacteria","Firmicutes","Clostridia","Clostridiales","Lachnospiraceae","Lachnospiraceae_unclassified","Otu00239"
"Otu00518","Bacteria","Firmicutes","Clostridia","Clostridiales","Lachnospiraceae","Lachnospiraceae_unclassified","Otu00518"
"Otu01153","Bacteria","Firmicutes","Clostridia","Clostridiales","Lachnospiraceae","Lachnospiraceae_unclassified","Otu01153"
"Otu00052","Bacteria","Firmicutes","Clostridia","Clostridiales","Lachnospiraceae","Lachnospiraceae_unclassified","Otu00052"
"Otu00326","Bacteria","Cyanobacteria","Melainabacteria","Gastranaerophilales","Gastranaerophilales_fa","Gastranaerophilales_ge","Otu00326"
"Otu00423","Bacteria","Cyanobacteria","Melainabacteria","Gastranaerophilales","Gastranaerophilales_fa","Gastranaerophilales_ge","Otu00423"
"Otu00470","Bacteria","Cyanobacteria","Melainabacteria","Gastranaerophilales","Gastranaerophilales_fa","Gastranaerophilales_ge","Otu00470"
"Otu00128","Bacteria","Cyanobacteria","Melainabacteria","Gastranaerophilales","Gastranaerophilales_fa","Gastranaerophilales_ge","Otu00128"
"Otu00730","Bacteria","Cyanobacteria","Melainabacteria","Gastranaerophilales","Gastranaerophilales_fa","Gastranaerophilales_ge","Otu00730"
"Otu00442","Bacteria","Cyanobacteria","Melainabacteria","Gastranaerophilales","Gastranaerophilales_fa","Gastranaerophilales_ge","Otu00442"
"Otu00530","Bacteria","Cyanobacteria","Melainabacteria","Gastranaerophilales","Gastranaerophilales_fa","Gastranaerophilales_ge","Otu00530"
"Otu00657","Bacteria","Cyanobacteria","Melainabacteria","Gastranaerophilales","Gastranaerophilales_fa","Gastranaerophilales_ge","Otu00657"
"Otu00829","Bacteria","Cyanobacteria","Melainabacteria","Gastranaerophilales","Gastranaerophilales_fa","Gastranaerophilales_ge","Otu00829"
"Otu00494","Bacteria","Cyanobacteria","Melainabacteria","Gastranaerophilales","Gastranaerophilales_fa","Gastranaerophilales_ge","Otu00494"
"Otu00583","Bacteria","Cyanobacteria","Melainabacteria","Gastranaerophilales","Gastranaerophilales_fa","Gastranaerophilales_ge","Otu00583"
"Otu00444","Bacteria","Cyanobacteria","Melainabacteria","Gastranaerophilales","Gastranaerophilales_fa","Gastranaerophilales_ge","Otu00444"
"Otu00435","Bacteria","Cyanobacteria","Melainabacteria","Gastranaerophilales","Gastranaerophilales_fa","Gastranaerophilales_ge","Otu00435"
"Otu00613","Bacteria","Cyanobacteria","Melainabacteria","Gastranaerophilales","Gastranaerophilales_fa","Gastranaerophilales_ge","Otu00613"
"Otu00878","Bacteria","Cyanobacteria","Melainabacteria","Gastranaerophilales","Gastranaerophilales_fa","Gastranaerophilales_ge","Otu00878"
"Otu00427","Bacteria","Cyanobacteria","Melainabacteria","Gastranaerophilales","Gastranaerophilales_fa","Gastranaerophilales_ge","Otu00427"
"Otu00295","Bacteria","Cyanobacteria","Melainabacteria","Gastranaerophilales","Gastranaerophilales_fa","Gastranaerophilales_ge","Otu00295"
"Otu00308","Bacteria","Firmicutes","Clostridia","Clostridiales","Lachnospiraceae","Lachnospiraceae_unclassified","Otu00308"
"Otu00462","Bacteria","Firmicutes","Clostridia","Clostridiales","Lachnospiraceae","Lachnospiraceae_unclassified","Otu00462"
"Otu00023","Bacteria","Verrucomicrobia","Verrucomicrobiae","Verrucomicrobiales","Akkermansiaceae","Akkermansia","Otu00023"
"Otu00257","Bacteria","Firmicutes","Clostridia","Clostridiales","Lachnospiraceae","Lachnospiraceae_unclassified","Otu00257"
"Otu00574","Bacteria","Firmicutes","Clostridia","Clostridiales","Lachnospiraceae","Lachnospiraceae_unclassified","Otu00574"
"Otu00275","Bacteria","Firmicutes","Clostridia","Clostridiales","Lachnospiraceae","Lachnospiraceae_unclassified","Otu00275"
"Otu00464","Bacteria","Firmicutes","Clostridia","Clostridiales","Lachnospiraceae","Lachnospiraceae_unclassified","Otu00464"
"Otu00633","Bacteria","Firmicutes","Clostridia","Clostridiales","Lachnospiraceae","Lachnospiraceae_unclassified","Otu00633"
"Otu00663","Bacteria","Firmicutes","Clostridia","Clostridiales","Lachnospiraceae","Lachnospiraceae_unclassified","Otu00663"
"Otu00378","Bacteria","Firmicutes","Clostridia","Clostridiales","Lachnospiraceae","Lachnospiraceae_unclassified","Otu00378"
"Otu00138","Bacteria","Firmicutes","Clostridia","Clostridiales","Lachnospiraceae","Lachnospiraceae_unclassified","Otu00138"
"Otu00137","Bacteria","Firmicutes","Clostridia","Clostridiales","Lachnospiraceae","Lachnospiraceae_unclassified","Otu00137"
"Otu00484","Bacteria","Firmicutes","Clostridia","Clostridiales","Lachnospiraceae","Lachnospiraceae_unclassified","Otu00484"
"Otu00116","Bacteria","Firmicutes","Clostridia","Clostridiales","Lachnospiraceae","Lachnospiraceae_unclassified","Otu00116"
"Otu00523","Bacteria","Firmicutes","Clostridia","Clostridiales","Lachnospiraceae","Lachnospiraceae_unclassified","Otu00523"
"Otu00171","Bacteria","Firmicutes","Clostridia","Clostridiales","Lachnospiraceae","Lachnospiraceae_unclassified","Otu00171"
"Otu00224","Bacteria","Firmicutes","Clostridia","Clostridiales","Lachnospiraceae","Lachnospiraceae_unclassified","Otu00224"
"Otu00341","Bacteria","Firmicutes","Clostridia","Clostridiales","Lachnospiraceae","Blautia","Otu00341"
"Otu00090","Bacteria","Firmicutes","Clostridia","Clostridiales","Lachnospiraceae","Blautia","Otu00090"
"Otu00219","Bacteria","Firmicutes","Clostridia","Clostridiales","Lachnospiraceae","Lachnospiraceae_unclassified","Otu00219"
"Otu00003","Bacteria","Firmicutes","Clostridia","Clostridiales","Lachnospiraceae","Lachnospiraceae_unclassified","Otu00003"
"Otu00162","Bacteria","Firmicutes","Clostridia","Clostridiales","Lachnospiraceae","Lachnospiraceae_unclassified","Otu00162"
"Otu00903","Bacteria","Firmicutes","Clostridia","Clostridiales","Lachnospiraceae","Lachnospiraceae_unclassified","Otu00903"
"Otu00679","Bacteria","Firmicutes","Clostridia","Clostridiales","Lachnospiraceae","Lachnospiraceae_unclassified","Otu00679"
"Otu01055","Bacteria","Firmicutes","Clostridia","Clostridiales","Lachnospiraceae","Lachnospiraceae_NK4A136_group","Otu01055"
"Otu00616","Bacteria","Firmicutes","Clostridia","Clostridiales","Lachnospiraceae","Lachnospiraceae_unclassified","Otu00616"
"Otu00681","Bacteria","Firmicutes","Clostridia","Clostridiales","Lachnospiraceae","Lachnospiraceae_unclassified","Otu00681"
"Otu00618","Bacteria","Firmicutes","Clostridia","Clostridiales","Lachnospiraceae","Lachnospiraceae_unclassified","Otu00618"
"Otu00402","Bacteria","Bacteria_unclassified","Bacteria_unclassified","Bacteria_unclassified","Bacteria_unclassified","Bacteria_unclassified","Otu00402"
"Otu00946","Bacteria","Bacteria_unclassified","Bacteria_unclassified","Bacteria_unclassified","Bacteria_unclassified","Bacteria_unclassified","Otu00946"
"Otu00966","Bacteria","Firmicutes","Clostridia","Clostridiales","Lachnospiraceae","Lachnospiraceae_unclassified","Otu00966"
"Otu00558","Bacteria","Firmicutes","Clostridia","Clostridiales","Lachnospiraceae","Lachnospiraceae_unclassified","Otu00558"
"Otu00785","Bacteria","Firmicutes","Clostridia","Clostridiales","Lachnospiraceae","Lachnospiraceae_unclassified","Otu00785"
"Otu00386","Bacteria","Firmicutes","Clostridia","Clostridiales","Lachnospiraceae","Lachnospiraceae_unclassified","Otu00386"
"Otu00311","Bacteria","Firmicutes","Clostridia","Clostridiales","Lachnospiraceae","Lachnospiraceae_unclassified","Otu00311"
"Otu00119","Bacteria","Firmicutes","Clostridia","Clostridiales","Lachnospiraceae","Lachnospiraceae_unclassified","Otu00119"
"Otu00005","Bacteria","Firmicutes","Clostridia","Clostridiales","Lachnospiraceae","Lachnospiraceae_unclassified","Otu00005"
"Otu00849","Bacteria","Firmicutes","Clostridia","Clostridiales","Lachnospiraceae","Lachnospiraceae_unclassified","Otu00849"
"Otu00313","Bacteria","Firmicutes","Clostridia","Clostridiales","Lachnospiraceae","Lachnospiraceae_unclassified","Otu00313"
"Otu00794","Bacteria","Firmicutes","Clostridia","Clostridiales","Lachnospiraceae","Lachnospiraceae_unclassified","Otu00794"
"Otu00599","Bacteria","Firmicutes","Clostridia","Clostridiales","Lachnospiraceae","Lachnospiraceae_NK4A136_group","Otu00599"
"Otu00482","Bacteria","Firmicutes","Clostridia","Clostridiales","Lachnospiraceae","Lachnospiraceae_NK4A136_group","Otu00482"
"Otu00027","Bacteria","Firmicutes","Clostridia","Clostridiales","Lachnospiraceae","Lachnospiraceae_NK4A136_group","Otu00027"
"Otu00401","Bacteria","Firmicutes","Clostridia","Clostridiales","Lachnospiraceae","Lachnospiraceae_NK4A136_group","Otu00401"
"Otu00288","Bacteria","Firmicutes","Clostridia","Clostridiales","Lachnospiraceae","Lachnospiraceae_unclassified","Otu00288"
"Otu00429","Bacteria","Firmicutes","Clostridia","Clostridiales","Lachnospiraceae","Lachnospiraceae_unclassified","Otu00429"
"Otu00141","Bacteria","Firmicutes","Clostridia","Clostridiales","Lachnospiraceae","Lachnospiraceae_unclassified","Otu00141"
"Otu00323","Bacteria","Firmicutes","Clostridia","Clostridiales","Lachnospiraceae","Lachnospiraceae_unclassified","Otu00323"
"Otu00800","Bacteria","Firmicutes","Clostridia","Clostridiales","Lachnospiraceae","Lachnospiraceae_unclassified","Otu00800"
"Otu00058","Bacteria","Firmicutes","Clostridia","Clostridiales","Lachnospiraceae","Lachnospiraceae_unclassified","Otu00058"
"Otu00072","Bacteria","Firmicutes","Clostridia","Clostridiales","Family_XIII","Family_XIII_unclassified","Otu00072"
"Otu00044","Bacteria","Firmicutes","Bacilli","Lactobacillales","Lactobacillaceae","Lactobacillus","Otu00044"
"Otu00035","Bacteria","Firmicutes","Bacilli","Lactobacillales","Lactobacillaceae","Lactobacillus","Otu00035"
"Otu00241","Bacteria","Firmicutes","Erysipelotrichia","Erysipelotrichales","Erysipelotrichaceae","Erysipelotrichaceae_unclassified","Otu00241"
"Otu00053","Bacteria","Bacteroidetes","Bacteroidia","Bacteroidales","Rikenellaceae","Rikenellaceae_unclassified","Otu00053"
"Otu00135","Bacteria","Proteobacteria","Alphaproteobacteria","Paracaedibacterales","Paracaedibacteraceae","uncultured","Otu00135"
"Otu00455","Bacteria","Firmicutes","Clostridia","Clostridiales","Defluviitaleaceae","Defluviitaleaceae_UCG-011","Otu00455"
"Otu00309","Bacteria","Actinobacteria","Coriobacteriia","Coriobacteriales","Eggerthellaceae","Eggerthellaceae_unclassified","Otu00309"
"Otu00009","Bacteria","Bacteroidetes","Bacteroidia","Bacteroidales","Muribaculaceae","Muribaculaceae_ge","Otu00009"
"Otu00040","Bacteria","Bacteroidetes","Bacteroidia","Bacteroidales","Muribaculaceae","Muribaculaceae_ge","Otu00040"
"Otu00452","Bacteria","Bacteroidetes","Bacteroidia","Bacteroidales","Rikenellaceae","Alistipes","Otu00452"
"Otu00143","Bacteria","Firmicutes","Clostridia","Clostridiales","Ruminococcaceae","Ruminococcaceae_unclassified","Otu00143"
"Otu00109","Bacteria","Firmicutes","Clostridia","Clostridiales","Lachnospiraceae","Lachnospiraceae_unclassified","Otu00109"
"Otu00340","Bacteria","Firmicutes","Clostridia","Clostridiales","Lachnospiraceae","Lachnospiraceae_unclassified","Otu00340"
"Otu00434","Bacteria","Firmicutes","Clostridia","Clostridiales","Lachnospiraceae","Lachnospiraceae_unclassified","Otu00434"
"Otu00010","Bacteria","Verrucomicrobia","Verrucomicrobiae","Verrucomicrobiales","Akkermansiaceae","Akkermansia","Otu00010"
"Otu00032","Bacteria","Firmicutes","Clostridia","Clostridiales","Lachnospiraceae","Blautia","Otu00032"
"Otu00112","Bacteria","Firmicutes","Clostridia","Clostridiales","Lachnospiraceae","Lachnospiraceae_unclassified","Otu00112"
"Otu00065","Bacteria","Firmicutes","Clostridia","Clostridiales","Lachnospiraceae","Lachnospiraceae_unclassified","Otu00065"
